JAMES,4752225
JOHN,4684909
ROBERT,4501581
MICHAEL,3765401
WILLIAM,3510459
DAVID,3384421
RICHARD,2439132
CHARLES,2181326
JOSEPH,2010887
THOMAS,1976513
CHRISTOPHER,1482385
DANIEL,1395017
PAUL,1357778
MARK,1343456
DONALD,1333430
GEORGE,1327701
KENNETH,1183043
STEVEN,1117159
EDWARD,1115727
BRIAN,1054140
RONALD,1038385
ANTHONY,1032656
KEVIN,961043
JASON,945289
MATTHEW,940992
GARY,930966
TIMOTHY,916643
JOSE,877973
LARRY,856489
JEFFREY,846463
FRANK,832140
SCOTT,782011
ERIC,779147
STEPHEN,773418
ANDREW,769121
RAYMOND,698941
GREGORY,631624
JOSHUA,623031
JERRY,618734
DENNIS,594386
WALTER,571470
PATRICK,557147
PETER,545689
HAROLD,531367
DOUGLAS,525638
HENRY,522773
CARL,495560
ARTHUR,479805
RYAN,469780
ROGER,461186
JOE,459754
JUAN,452592
JACK,451160
ALBERT,449728
JONATHAN,448296
JUSTIN,445431
TERRY,445431
GERALD,442567
KEITH,441134
SAMUEL,438270
WILLIE,432541
LAWRENCE,403896
RALPH,403896
NICHOLAS,393870
ROY,391005
BENJAMIN,386709
BRUCE,376683
BRANDON,372386
ADAM,370954
FRED,359496
HARRY,359496
WAYNE,356631
BILLY,355199
STEVE,352335
LOUIS,348038
JEREMY,346605
AARON,343741
RANDY,332283
EUGENE,329418
HOWARD,329418
CARLOS,327986
RUSSELL,320825
BOBBY,319393
VICTOR,317960
MARTIN,309367
ERNEST,307935
PHILLIP,305070
TODD,305070
JESSE,299341
CRAIG,295044
ALAN,292180
SHAWN,286451
CHRIS,282154
CLARENCE,282154
PHILIP,282154
SEAN,282154
JOHNNY,279289
EARL,276425
JIMMY,273560
ANTONIO,272128
BRYAN,272128
DANNY,272128
TONY,272128
LUIS,270696
MIKE,270696
LEONARD,266399
STANLEY,266399
NATHAN,264967
DALE,263535
MANUEL,259238
CURTIS,257806
RODNEY,257806
NORMAN,253509
ALLEN,249212
MARVIN,244915
VINCENT,240619
GLENN,239186
JEFF,237754
JEFFERY,237754
TRAVIS,237754
CHAD,236322
JACOB,236322
ALFRED,232025
LEE,232025
MELVIN,232025
FRANCIS,229160
KYLE,229160
BRADLEY,227728
HERBERT,221999
JESUS,221999
FREDERICK,220567
RAY,219135
JOEL,217702
EDWIN,211973
DON,207677
EDDIE,206244
RICKY,201948
RANDALL,197651
TROY,197651
BARRY,191922
ALEXANDER,189057
BERNARD,181896
LEROY,179032
MARIO,179032
FRANCISCO,177599
MARCUS,177599
CLIFFORD,176167
MICHEAL,176167
THEODORE,176167
MIGUEL,174735
OSCAR,174735
JAY,169006
JIM,169006
TOM,167573
ALEX,164709
CALVIN,164709
JON,164709
RONNIE,161844
BILL,160412
DEREK,160412
LEON,160412
LLOYD,160412
TOMMY,160412
WARREN,157548
DARRELL,154683
JEROME,154683
FLOYD,153251
LEO,151819
ALVIN,150386
DEAN,148954
GORDON,148954
GREG,148954
JORGE,148954
TIM,148954
WESLEY,148954
DERRICK,147522
DUSTIN,147522
PEDRO,147522
DAN,144657
LEWIS,141793
ZACHARY,141793
COREY,140361
HERMAN,138928
MAURICE,138928
ROBERTO,138928
VERNON,138928
CLYDE,136064
GLEN,134632
HECTOR,134632
RICARDO,133199
SHANE,133199
SAM,131767
LESTER,130335
RICK,130335
BRENT,128903
CHARLIE,128903
RAMON,128903
GILBERT,127470
TYLER,127470
GENE,124606
MARC,124606
REGINALD,120309
ANGEL,117445
BRETT,117445
RUBEN,117445
LESLIE,116012
NATHANIEL,116012
RAFAEL,116012
EDGAR,114580
MILTON,114580
RAUL,113148
BEN,111715
CECIL,111715
CHESTER,111715
DUANE,110283
FRANKLIN,110283
ANDRE,108851
ELMER,105986
BRAD,104554
GABRIEL,104554
ARNOLD,103122
HARVEY,103122
MITCHELL,103122
ROLAND,103122
RON,103122
JARED,101690
ADRIAN,98825
KARL,98825
CLAUDE,97393
CORY,97393
ERIK,97393
DARRYL,95961
JAMIE,94528
NEIL,94528
CHRISTIAN,93096
CLINTON,93096
FERNANDO,93096
JAVIER,93096
JESSIE,93096
DARREN,91664
LONNIE,91664
MATHEW,91664
TED,91664
TYRONE,91664
CODY,90232
JULIO,90232
KELLY,90232
LANCE,90232
KURT,88799
ALLAN,87367
NELSON,87367
CLAYTON,85935
GUY,85935
HUGH,85935
DWAYNE,84503
MAX,84503
ARMANDO,83070
DWIGHT,83070
FELIX,83070
JIMMIE,83070
EVERETT,81638
IAN,80206
JORDAN,80206
WALLACE,80206
BOB,78774
JAIME,78774
KEN,78774
ALFREDO,77341
CASEY,77341
ALBERTO,75909
DAVE,75909
IVAN,75909
BYRON,74477
JOHNNIE,74477
JULIAN,74477
SIDNEY,74477
ISAAC,73045
MORRIS,73045
CLIFTON,71612
DARYL,71612
ROSS,71612
WILLARD,71612
ANDY,70180
KIRK,70180
MARSHALL,70180
PERRY,70180
SALVADOR,70180
SERGIO,70180
VIRGIL,70180
KENT,68748
MARION,68748
RENE,68748
SETH,68748
TERRANCE,68748
TRACY,68748
EDUARDO,67316
TERRENCE,67316
ENRIQUE,65883
FREDDIE,65883
WADE,64451
AUSTIN,63019
STUART,63019
ALEJANDRO,61587
ARTURO,61587
FREDRICK,61587
JACKIE,61587
JOEY,61587
LUTHER,61587
NICK,61587
DANA,60154
EVAN,60154
JEREMIAH,60154
JULIUS,60154
WENDELL,60154
DONNIE,58722
OTIS,58722
DOUG,57290
GERARD,57290
HOMER,57290
LUKE,57290
OLIVER,57290
SHANNON,57290
TREVOR,57290
ANGELO,55857
HUBERT,55857
KENNY,55857
SHAUN,55857
ALFONSO,54425
LYLE,54425
LYNN,54425
MATT,54425
CAMERON,52993
CARLTON,52993
ERNESTO,52993
NEAL,52993
ORLANDO,52993
REX,52993
BLAKE,51561
GRANT,51561
HORACE,51561
KERRY,51561
LORENZO,51561
OMAR,51561
PABLO,51561
RODERICK,51561
WILBUR,51561
ABRAHAM,50128
IRA,50128
JEAN,50128
RICKEY,50128
WILLIS,50128
ANDRES,48696
CESAR,48696
DAMON,48696
JOHNATHAN,48696
KELVIN,48696
MALCOLM,48696
PRESTON,48696
RUDOLPH,48696
RUDY,48696
ALTON,47264
ARCHIE,47264
MARCO,47264
WM,47264
BENNIE,45832
DOMINIC,45832
ED,45832
FELIPE,45832
GARRY,45832
GEOFFREY,45832
GERARDO,45832
JONATHON,45832
LOREN,45832
PETE,45832
RANDOLPH,45832
ROBIN,45832
COLIN,44399
DELBERT,44399
EARNEST,44399
GUILLERMO,44399
LUCAS,44399
BENNY,42967
EDMUND,42967
MYRON,42967
NOEL,42967
RODOLFO,42967
SPENCER,42967
CEDRIC,41535
GARRETT,41535
GREGG,41535
LOWELL,41535
SALVATORE,41535
DEVIN,40103
ISRAEL,40103
JERMAINE,40103
KIM,40103
ROOSEVELT,40103
SHERMAN,40103
SYLVESTER,40103
WILSON,40103
FORREST,38670
LELAND,38670
WILBERT,38670
BRYANT,37238
CARROLL,37238
CLARK,37238
GUADALUPE,37238
IRVING,37238
OWEN,37238
SIMON,37238
GUSTAVO,35806
JAKE,35806
KRISTOPHER,35806
LEVI,35806
MACK,35806
MARCOS,35806
RUFUS,35806
SAMMY,35806
WOODROW,35806
CLINT,34374
DALLAS,34374
DREW,34374
ELLIS,34374
GILBERTO,34374
ISMAEL,34374
JODY,34374
LAURENCE,34374
LIONEL,34374
MARTY,34374
NICOLAS,34374
ORVILLE,34374
TAYLOR,34374
AL,32941
CALEB,32941
DEWEY,32941
ERICK,32941
ERVIN,32941
FRANKIE,32941
HUGO,32941
IGNACIO,32941
JOSH,32941
SHELDON,32941
TOMAS,32941
WILFRED,32941
ALONZO,31509
BERT,31509
CONRAD,31509
DARREL,31509
DOYLE,31509
ELBERT,31509
ELIAS,31509
NOAH,31509
PAT,31509
RAMIRO,31509
ROGELIO,31509
SANTIAGO,31509
STEWART,31509
TERENCE,31509
BRADFORD,30077
CLAY,30077
CORNELIUS,30077
DEXTER,30077
GRADY,30077
LAMAR,30077
MERLE,30077
PERCY,30077
PHIL,30077
ROLANDO,30077
AMOS,28645
DARIN,28645
DARNELL,28645
IRVIN,28645
MOSES,28645
RANDAL,28645
ROMAN,28645
SAUL,28645
TERRELL,28645
TOMMIE,28645
ABEL,27212
AUBREY,27212
BOYD,27212
BRENDAN,27212
CARY,27212
COURTNEY,27212
DARRIN,27212
DOMINGO,27212
DOMINICK,27212
EDMOND,27212
ELIJAH,27212
EMANUEL,27212
EMIL,27212
EMILIO,27212
EMMETT,27212
JAN,27212
JERALD,27212
MARLON,27212
SANTOS,27212
TIMMY,27212
TOBY,27212
VAN,27212
WINSTON,27212
BRET,25780
DEWAYNE,25780
EMMANUEL,25780
HUMBERTO,25780
JESS,25780
LOUIE,25780
MORGAN,25780
OTTO,25780
REYNALDO,25780
STEPHAN,25780
TEDDY,25780
TRENT,25780
WILL,25780
BILLIE,24348
DEMETRIUS,24348
EFRAIN,24348
ELDON,24348
ETHAN,24348
GARLAND,24348
HARLEY,24348
HEATH,24348
LAMONT,24348
LOGAN,24348
MICAH,24348
MILES,24348
RODGER,24348
STACY,24348
VICENTE,24348
ANTOINE,22916
BRYCE,22916
CHASE,22916
CHUCK,22916
CLEVELAND,22916
DAMIAN,22916
DYLAN,22916
ELI,22916
ELTON,22916
FREDDY,22916
GROVER,22916
JUNIOR,22916
KENDALL,22916
MICKEY,22916
PIERRE,22916
ROBBIE,22916
ROCKY,22916
ROYCE,22916
STERLING,22916
AGUSTIN,21483
AUGUST,21483
BENITO,21483
BLAINE,21483
CURT,21483
ERNIE,21483
ERWIN,21483
HANS,21483
JASPER,21483
LEONARDO,21483
MONTE,21483
MURRAY,21483
QUENTIN,21483
REUBEN,21483
RUSSEL,21483
STAN,21483
ADOLFO,20051
ASHLEY,20051
BART,20051
BRADY,20051
BUDDY,20051
BURTON,20051
DAMIEN,20051
DARWIN,20051
DENIS,20051
DESMOND,20051
DEVON,20051
ELLIOT,20051
ELLIOTT,20051
GREGORIO,20051
HARLAN,20051
HARRISON,20051
JAMAL,20051
JARROD,20051
JOAQUIN,20051
TYSON,20051
VANCE,20051
WILFREDO,20051
ANTON,18619
BRAIN,18619
CAREY,18619
DARIUS,18619
ELVIN,18619
ELWOOD,18619
ESTEBAN,18619
HAL,18619
KENDRICK,18619
KERMIT,18619
MOISES,18619
NOLAN,18619
NORBERT,18619
QUINTON,18619
ROB,18619
ROD,18619
ROSCOE,18619
SCOTTY,18619
SOLOMON,18619
WILLIAMS,18619
XAVIER,18619
ALI,17187
ALVARO,17187
ARMAND,17187
BRYON,17187
CLIFF,17187
DANE,17187
FABIAN,17187
FIDEL,17187
GRAHAM,17187
JACKSON,17187
JEFFRY,17187
JOESPH,17187
MARCEL,17187
MARLIN,17187
MASON,17187
MICHEL,17187
MONTY,17187
NED,17187
RAPHAEL,17187
REGGIE,17187
RORY,17187
RUSTY,17187
SAMMIE,17187
SON,17187
THADDEUS,17187
THURMAN,17187
ADOLPH,15754
ALEXIS,15754
ALPHONSO,15754
AVERY,15754
CARMEN,15754
DERICK,15754
DIEGO,15754
GERRY,15754
GONZALO,15754
GUS,15754
ISAIAH,15754
KRIS,15754
LOYD,15754
MILLARD,15754
NOE,15754
NORRIS,15754
RICKIE,15754
RIGOBERTO,15754
ROCCO,15754
RODRIGO,15754
SHELBY,15754
STACEY,15754
TY,15754
VAUGHN,15754
WILEY,15754
BASIL,14322
BERNARDO,14322
BOBBIE,14322
BRUNO,14322
CLEMENT,14322
COLE,14322
COY,14322
DANTE,14322
DAVIS,14322
DENNY,14322
DION,14322
DONNELL,14322
DONOVAN,14322
EDDY,14322
ELVIS,14322
EMERY,14322
FEDERICO,14322
GAVIN,14322
HERIBERTO,14322
HIRAM,14322
ISSAC,14322
JARVIS,14322
JAYSON,14322
JEFFERSON,14322
MAURICIO,14322
MAXWELL,14322
MAYNARD,14322
NICKOLAS,14322
ODELL,14322
OLLIE,14322
QUINCY,14322
REED,14322
RILEY,14322
ROMEO,14322
SCOT,14322
SEBASTIAN,14322
ULYSSES,14322
VERN,14322
VINCE,14322
WARD,14322
ART,12890
AURELIO,12890
BARNEY,12890
BEAU,12890
BROCK,12890
CARLO,12890
CARMELO,12890
CARTER,12890
CHARLEY,12890
CLEO,12890
COLBY,12890
COLLIN,12890
CRUZ,12890
DELMAR,12890
DENVER,12890
DICK,12890
DONNY,12890
DUDLEY,12890
FREDERIC,12890
GALEN,12890
HARRIS,12890
HOLLIS,12890
HUNTER,12890
IRWIN,12890
ISIDRO,12890
JOHNATHON,12890
KIRBY,12890
KURTIS,12890
LANE,12890
LINWOOD,12890
MARCELINO,12890
MARY,12890
MERLIN,12890
MERRILL,12890
NESTOR,12890
SANFORD,12890
SILAS,12890
STEFAN,12890
TRENTON,12890
TRUMAN,12890
VITO,12890
WELDON,12890
WINFRED,12890
ADAN,11458
ANTONY,11458
ARRON,11458
BENNETT,11458
BERNIE,11458
BLAIR,11458
BOOKER,11458
BRANDEN,11458
BUFORD,11458
CARSON,11458
CLAIR,11458
CORNELL,11458
DALTON,11458
DANIAL,11458
DAREN,11458
DIRK,11458
DOMINIQUE,11458
EDWARDO,11458
EMERSON,11458
EMORY,11458
ERROL,11458
FLETCHER,11458
GALE,11458
GENARO,11458
GERMAN,11458
HOUSTON,11458
HUNG,11458
JACQUES,11458
JAME,11458
JOAN,11458
JOSUE,11458
LANDON,11458
LAVERNE,11458
LEONEL,11458
LINCOLN,11458
MARIANO,11458
MOHAMMAD,11458
MONROE,11458
NUMBERS,11458
OCTAVIO,11458
PASQUALE,11458
RAYMUNDO,11458
ROBBY,11458
SHELTON,11458
SONNY,11458
THERON,11458
TRISTAN,11458
WILFORD,11458
WILMER,11458
ZACHERY,11458
ABDUL,10025
ALDO,10025
ALPHONSE,10025
ALVA,10025
ANDERSON,10025
ARIEL,10025
ARNULFO,10025
AUGUSTINE,10025
BROOKS,10025
CARMINE,10025
CHADWICK,10025
CHANCE,10025
CYRIL,10025
CYRUS,10025
DUNCAN,10025
DUSTY,10025
ERICH,10025
ERIN,10025
EUGENIO,10025
EZRA,10025
FERDINAND,10025
FOREST,10025
FREEMAN,10025
GARTH,10025
GIOVANNI,10025
HERSCHEL,10025
JAMEL,10025
JARRETT,10025
JOHNIE,10025
JONAS,10025
KENNITH,10025
LAZARO,10025
LINDSEY,10025
LON,10025
LUCIANO,10025
LUCIEN,10025
MAJOR,10025
MERVIN,10025
MITCHEL,10025
MOHAMMED,10025
MORTON,10025
MYLES,10025
RANDELL,10025
REID,10025
RICH,10025
RONNY,10025
RUSS,10025
SANDY,10025
SCOTTIE,10025
SEYMOUR,10025
STEVIE,10025
SYDNEY,10025
THAD,10025
TRACEY,10025
VALENTIN,10025
WILBURN,10025
YOUNG,10025
ZANE,10025
ABE,8593
AHMAD,8593
ALDEN,8593
ALEC,8593
ALFONZO,8593
ANDREA,8593
ANTWAN,8593
ARON,8593
BARTON,8593
BERRY,8593
BORIS,8593
BRANT,8593
BRENTON,8593
BURT,8593
CAROL,8593
CHRISTOPER,8593
CLAUDIO,8593
COLEMAN,8593
DEANDRE,8593
DEON,8593
DEWITT,8593
DINO,8593
DONN,8593
DORIAN,8593
EARLE,8593
EDGARDO,8593
EFREN,8593
ELISEO,8593
ELMO,8593
ELOY,8593
EMILE,8593
EVERETTE,8593
FAUSTINO,8593
FOSTER,8593
FRITZ,8593
GAIL,8593
GIL,8593
GINO,8593
HERSHEL,8593
ISIAH,8593
IVORY,8593
JAMAAL,8593
JAMAR,8593
JARRED,8593
JEROLD,8593
JERROD,8593
JOSEF,8593
JOSIAH,8593
JUDSON,8593
JULES,8593
KAREEM,8593
KIETH,8593
LANNY,8593
LAVERN,8593
LEMUEL,8593
LEOPOLDO,8593
LES,8593
LUCIO,8593
LYMAN,8593
MARGARITO,8593
MARQUIS,8593
MILFORD,8593
MITCH,8593
NAPOLEON,8593
NIGEL,8593
NORBERTO,8593
NORMAND,8593
OLIN,8593
OSVALDO,8593
PARKER,8593
REFUGIO,8593
REINALDO,8593
RICO,8593
RODRICK,8593
ROSENDO,8593
ROYAL,8593
RUBIN,8593
SANG,8593
TANNER,8593
TREY,8593
WESTON,8593
WILTON,8593
WYATT,8593
YONG,8593
ABRAM,7161
ADALBERTO,7161
AHMED,7161
AMADO,7161
ANIBAL,7161
ANTONE,7161
AUGUSTUS,7161
BARRETT,7161
BERTRAM,7161
BO,7161
BRADLY,7161
BRENDON,7161
BRICE,7161
BUD,7161
BURL,7161
CHANG,7161
CHAUNCEY,7161
CHET,7161
CHI,7161
CHUNG,7161
CLETUS,7161
COLUMBUS,7161
CONNIE,7161
DAMION,7161
DANNIE,7161
DARIO,7161
DARRICK,7161
DEE,7161
DELMER,7161
DEMARCUS,7161
DILLON,7161
DONTE,7161
DWAIN,7161
ENOCH,7161
FERMIN,7161
FLORENCIO,7161
FRANCES,7161
FREDRIC,7161
GARFIELD,7161
GERALDO,7161
GIUSEPPE,7161
HANK,7161
HASSAN,7161
HILARIO,7161
HILTON,7161
HIPOLITO,7161
HORACIO,7161
HUEY,7161
ISAIAS,7161
JAMEY,7161
JAMISON,7161
JED,7161
JEFFEREY,7161
JERROLD,7161
JONAH,7161
KEENAN,7161
KENTON,7161
KEVEN,7161
KIP,7161
KORY,7161
LAWERENCE,7161
LENARD,7161
LENNY,7161
LOU,7161
LUPE,7161
LYNDON,7161
MAC,7161
MARCELO,7161
MARIA,7161
MARKUS,7161
MAURO,7161
MAXIMO,7161
MCKINLEY,7161
MEL,7161
MIKEL,7161
MILO,7161
MINH,7161
MOHAMED,7161
MOSHE,7161
NEWTON,7161
NOBLE,7161
ODIS,7161
OLEN,7161
OMER,7161
OREN,7161
ORVAL,7161
PORFIRIO,7161
PRINCE,7161
QUINN,7161
QUINTIN,7161
RALEIGH,7161
REYES,7161
RICHIE,7161
ROBT,7161
ROLLAND,7161
ROSARIO,7161
RUPERT,7161
SAL,7161
SHIRLEY,7161
SOL,7161
STANFORD,7161
SUNG,7161
TAD,7161
TEODORO,7161
THANH,7161
THEO,7161
TOBIAS,7161
TOD,7161
TORY,7161
TRINIDAD,7161
TYREE,7161
TYRELL,7161
TYRON,7161
VALENTINE,7161
WALDO,7161
WALKER,7161
WERNER,7161
WHITNEY,7161
WILLY,7161
ZACHARIAH,7161
ALONSO,5729
AMBROSE,5729
ANDREAS,5729
ANTIONE,5729
ANTONIA,5729
ARDEN,5729
ARLEN,5729
ARLIE,5729
ARNOLDO,5729
ASA,5729
BENEDICT,5729
BENTON,5729
BOYCE,5729
BRITT,5729
BRODERICK,5729
BUCK,5729
BUSTER,5729
CARROL,5729
CEDRICK,5729
CHAS,5729
CHONG,5729
CLAUD,5729
CLEMENTE,5729
COLTON,5729
CORDELL,5729
CORTEZ,5729
CRISTOBAL,5729
CRISTOPHER,5729
DANILO,5729
DARELL,5729
DARON,5729
DARRON,5729
DEANGELO,5729
DEL,5729
DESHAWN,5729
DOMENIC,5729
DONG,5729
DORSEY,5729
DOUGLASS,5729
EDISON,5729
EDMUNDO,5729
ELDEN,5729
ELDRIDGE,5729
ELISHA,5729
ELLSWORTH,5729
ELROY,5729
EMMITT,5729
ERASMO,5729
EUSEBIO,5729
EZEKIEL,5729
EZEQUIEL,5729
FAUSTO,5729
FELTON,5729
FILIBERTO,5729
FLORENTINO,5729
FRANCESCO,5729
FRANKLYN,5729
GARRET,5729
GASTON,5729
GAYLE,5729
GAYLORD,5729
GRAIG,5729
GRANVILLE,5729
HAI,5729
HARLAND,5729
HAYDEN,5729
HAYWOOD,5729
HERB,5729
HOBERT,5729
HONG,5729
HOSEA,5729
HOYT,5729
HYMAN,5729
IKE,5729
ISREAL,5729
JACINTO,5729
JAE,5729
JAROD,5729
JC,5729
JERAMY,5729
JERE,5729
JEROMY,5729
JERRELL,5729
JEWEL,5729
JEWELL,5729
JOHNSON,5729
JORDON,5729
JOSPEH,5729
JUDE,5729
KASEY,5729
KELLEY,5729
KENETH,5729
KING,5729
KOREY,5729
KRAIG,5729
KRISTOFER,5729
LACY,5729
LAUREN,5729
LEANDRO,5729
LEIF,5729
LEIGH,5729
LEN,5729
LESLEY,5729
LINDSAY,5729
LINO,5729
LONG,5729
LONNY,5729
LUCIUS,5729
LUIGI,5729
LYNWOOD,5729
MALCOM,5729
MALIK,5729
MAN,5729
MANUAL,5729
MARCELLUS,5729
MICHAL,5729
MICHALE,5729
MILAN,5729
MIQUEL,5729
MODESTO,5729
MOSE,5729
NATHANAEL,5729
NATHANIAL,5729
NEVILLE,5729
NICKY,5729
OSWALDO,5729
OTHA,5729
PALMER,5729
PARIS,5729
PATRICIA,5729
PORTER,5729
RASHAD,5729
RAYFORD,5729
RAYMON,5729
RENALDO,5729
RENATO,5729
REY,5729
RHETT,5729
ROLF,5729
RUDOLF,5729
RUEBEN,5729
SAMUAL,5729
SANTO,5729
SHAD,5729
SHAYNE,5729
SHERWOOD,5729
SHON,5729
SID,5729
STANTON,5729
TITUS,5729
TONEY,5729
TUAN,5729
VAL,5729
VINCENZO,5729
VIRGILIO,5729
VON,5729
WALLY,5729
WALTON,5729
WARNER,5729
WAYLON,5729
WES,5729
WILBER,5729
WILLIAN,5729
WINFORD,5729
ZACK,5729
ZACKARY,5729
