MARY,3992295
PATRICIA,1629415
LINDA,1571710
BARBARA,1488189
ELIZABETH,1422891
JENNIFER,1415298
MARIA,1257368
SUSAN,1205736
MARGARET,1166254
DOROTHY,1103993
LISA,1069066
NANCY,1015916
KAREN,1012879
BETTY,1011361
HELEN,1006805
SANDRA,955174
DONNA,885320
CAROL,857986
RUTH,853430
SHARON,792688
MICHELLE,788132
LAURA,774465
SARAH,771428
KIMBERLY,765354
DEBORAH,750168
JESSICA,744094
SHIRLEY,731946
CYNTHIA,712204
ANGELA,710686
MELISSA,701574
BRENDA,690944
AMY,684870
ANNA,668166
REBECCA,652980
VIRGINIA,652980
KATHLEEN,643869
PAMELA,631721
MARTHA,625646
DEBRA,619572
AMANDA,613498
STEPHANIE,607424
CAROLYN,584645
CHRISTINE,580090
JANET,575534
MARIE,575534
CATHERINE,566423
FRANCES,561867
ANN,552755
JOYCE,552755
DIANE,545163
ALICE,542126
JULIE,528459
HEATHER,511754
TERESA,510236
DORIS,508717
GLORIA,508717
EVELYN,488976
CHERYL,478346
JEAN,478346
KATHERINE,475309
MILDRED,475309
JOAN,464679
ASHLEY,460123
JUDITH,451012
ROSE,449493
JANICE,432789
KELLY,429752
NICOLE,426715
JUDY,419122
CHRISTINA,417604
KATHY,413048
THERESA,411529
BEVERLY,405455
DENISE,400899
TAMMY,393307
IRENE,382677
JANE,379640
LORI,376602
RACHEL,367491
MARILYN,365973
ANDREA,358380
KATHRYN,355343
LOUISE,347750
SARA,347750
ANNE,346231
JACQUELINE,346231
WANDA,343194
BONNIE,338638
JULIA,338638
RUBY,335601
LOIS,334083
TINA,334083
PHYLLIS,332564
NORMA,331046
PAULA,329527
ANNIE,328009
DIANA,328009
LILLIAN,320416
EMILY,315860
PEGGY,315860
ROBIN,315860
CRYSTAL,314342
GLADYS,311304
RITA,309786
DAWN,306749
CONNIE,303712
FLORENCE,303712
EDNA,299156
TRACY,299156
CARMEN,296119
TIFFANY,296119
ROSA,294600
CINDY,291563
GRACE,287007
WENDY,280933
VICTORIA,273340
EDITH,271822
KIM,270303
SHERRY,270303
JOSEPHINE,268785
SYLVIA,268785
SHANNON,265748
SHEILA,265748
THELMA,265748
ETHEL,264229
ELAINE,262710
ELLEN,262710
MARJORIE,262710
CARRIE,259673
CHARLOTTE,256636
ESTHER,252081
MONICA,252081
EMMA,250562
PAULINE,250562
JUANITA,249043
ANITA,246006
RHONDA,246006
HAZEL,244488
AMBER,242969
EVA,241451
DEBBIE,238413
APRIL,233858
LESLIE,233858
CLARA,232339
JAMIE,232339
LUCILLE,232339
ELEANOR,227784
JOANNE,227784
DANIELLE,226265
VALERIE,226265
MEGAN,223228
ALICIA,221709
GAIL,220191
MICHELE,220191
SUZANNE,220191
BERTHA,217154
DARLENE,215635
JILL,215635
VERONICA,215635
ERIN,214117
GERALDINE,214117
CATHY,208042
LAUREN,208042
JOANN,206524
LORRAINE,205005
LYNN,205005
SALLY,205005
REGINA,201968
BEATRICE,197412
ERICA,197412
DOLORES,195894
BERNICE,194375
AUDREY,192857
YVONNE,191338
ANNETTE,189820
JUNE,189820
SAMANTHA,188301
DANA,185264
MARION,185264
STACY,183745
ANA,182227
RENEE,182227
IDA,179190
VIVIAN,179190
BRITTANY,177671
HOLLY,177671
ROBERTA,177671
MELANIE,176153
JEANETTE,174634
LORETTA,174634
YOLANDA,174634
LAURIE,173115
KATIE,171597
ALMA,168560
KRISTEN,168560
SUE,168560
VANESSA,168560
BETH,167041
ELSIE,167041
JEANNE,165523
VICKI,165523
CARLA,162485
ROSEMARY,162485
TARA,162485
EILEEN,159448
TERRI,159448
GERTRUDE,156411
LUCY,156411
TONYA,154893
ELLA,153374
STACEY,153374
GINA,150337
KRISTIN,150337
WILMA,150337
AGNES,148818
JESSIE,148818
NATALIE,148818
VERA,148818
CHARLENE,147300
WILLIE,147300
BESSIE,145781
DELORES,144263
ARLENE,142744
MELINDA,142744
PEARL,142744
ALLISON,139707
COLLEEN,139707
MAUREEN,139707
TAMARA,139707
CONSTANCE,138188
GEORGIA,138188
JOY,138188
CLAUDIA,136670
JACKIE,136670
LILLIE,136670
MARCIA,136670
MINNIE,135151
NELLIE,135151
TANYA,135151
GLENDA,133633
HEIDI,133633
MARLENE,133633
COURTNEY,130596
LYDIA,130596
MARIAN,130596
VIOLA,130596
CAROLINE,129077
STELLA,129077
DORA,127559
JO,126040
VICKIE,124521
MATTIE,123003
TERRY,121484
IRMA,119966
MAXINE,119966
MABEL,118447
MARSHA,118447
MYRTLE,118447
CHRISTY,116929
LENA,116929
DEANNA,115410
PATSY,115410
HILDA,113892
GWENDOLYN,112373
JENNIE,110854
NORA,110854
CASSANDRA,109336
LEAH,109336
MARGIE,109336
NINA,109336
CAROLE,107817
KAY,107817
NAOMI,107817
PENNY,107817
PRISCILLA,107817
BRANDY,106299
OLGA,106299
BILLIE,104780
DIANNE,104780
LEONA,104780
TRACEY,104780
FELICIA,103262
JENNY,103262
SONIA,103262
BECKY,100224
MIRIAM,100224
VELMA,100224
BOBBIE,98706
KRISTINA,98706
VIOLET,98706
TONI,97187
MAE,95669
MISTY,95669
DAISY,94150
RAMONA,94150
SHELLY,94150
SHERRI,94150
CLAIRE,92632
ERIKA,92632
KATRINA,92632
LINDSAY,91113
LINDSEY,91113
BELINDA,89595
GENEVA,89595
GUADALUPE,89595
MARGARITA,89595
SHERYL,89595
CORA,88076
FAYE,88076
ADA,86557
ISABEL,86557
NATASHA,86557
SABRINA,86557
HARRIET,85039
HATTIE,85039
MARGUERITE,85039
BLANCHE,83520
BRANDI,83520
CECILIA,83520
IRIS,83520
JOANNA,83520
KRISTI,83520
MOLLY,83520
ROSIE,83520
SANDY,83520
ANGIE,82002
EUNICE,82002
INEZ,80483
LYNDA,80483
ALBERTA,78965
AMELIA,78965
MADELINE,78965
CANDACE,77446
GENEVIEVE,77446
JAN,77446
JANIE,77446
JODI,77446
KAYLA,77446
KRISTINE,77446
LEE,77446
MAGGIE,77446
MONIQUE,77446
SONYA,77446
ALISON,75928
FANNIE,75928
MARYANN,75928
MELODY,75928
OPAL,75928
YVETTE,75928
FLORA,74409
LUZ,74409
OLIVIA,74409
SHELLEY,74409
SUSIE,74409
ANTOINETTE,72890
BEULAH,72890
KRISTY,72890
LOLA,72890
LULA,72890
MAMIE,72890
VERNA,72890
CANDICE,69853
JEANNETTE,69853
JUANA,69853
KELLI,69853
PAM,69853
BRIDGET,68335
HANNAH,68335
WHITNEY,68335
CELIA,66816
KARLA,66816
DELLA,65298
GAYLE,65298
LATOYA,65298
LYNNE,65298
PATTY,65298
SHELIA,65298
VICKY,65298
MARIANNE,63779
SHERI,63779
BLANCA,62260
ERMA,62260
JACQUELYN,62260
KARA,62260
KRISTA,60742
LETICIA,60742
MYRA,60742
PAT,60742
ROXANNE,60742
ADRIENNE,59223
ALEXANDRA,59223
ANGELICA,59223
BERNADETTE,59223
BETHANY,59223
BROOKE,59223
FRANCIS,59223
JOHNNIE,59223
ROBYN,59223
ROSALIE,59223
SADIE,59223
CHELSEA,57705
ERNESTINE,57705
JASMINE,57705
JODY,57705
KENDRA,57705
MABLE,57705
MURIEL,57705
NICHOLE,57705
RACHAEL,57705
TRACI,57705
ANGELINA,56186
ELENA,56186
KRYSTAL,56186
MARCELLA,56186
DIANNA,54668
ESTELLE,54668
KARI,54668
LORA,54668
NADINE,54668
PAULETTE,54668
ANGEL,53149
ANTONIA,53149
DESIREE,53149
DOREEN,53149
MONA,53149
ROSEMARIE,53149
BETSY,51631
CHRISTIE,51631
FREDA,51631
GINGER,51631
HOPE,51631
JANIS,51631
CRISTINA,50112
EULA,50112
LYNETTE,50112
MERCEDES,50112
MEREDITH,50112
TERI,50112
CECELIA,48593
ELOISE,48593
GRETCHEN,48593
LEIGH,48593
MEGHAN,48593
ROCHELLE,48593
SOPHIA,48593
ALYSSA,47075
GWEN,47075
HENRIETTA,47075
JANA,47075
KELLEY,47075
KERRY,47075
RAQUEL,47075
ALEXIS,45556
JENNA,45556
LAVERNE,45556
OLIVE,45556
TASHA,45556
TRICIA,45556
CASEY,44038
DARLA,44038
DELIA,44038
ELVIRA,44038
ESSIE,44038
KATE,44038
KELLIE,44038
LANA,44038
LILA,44038
LORENA,44038
MANDY,44038
MAY,44038
MINDY,44038
PATTI,44038
SILVIA,44038
SONJA,44038
SOPHIE,44038
CAMILLE,42519
DIXIE,42519
ELSA,42519
FAITH,42519
JEANNIE,42519
JOHANNA,42519
JOSEFINA,42519
LELA,42519
LORENE,42519
LUCIA,42519
MARTA,42519
MIRANDA,42519
SHARI,42519
AIMEE,41001
ALISHA,41001
EBONY,41001
ELISA,41001
JAIME,41001
KRISTIE,41001
MARINA,41001
MELBA,41001
NETTIE,41001
OLLIE,41001
ORA,41001
RENA,41001
SHAWNA,41001
TABITHA,41001
TAMI,41001
WINIFRED,41001
ADDIE,39482
BONITA,39482
LATASHA,39482
MARLA,39482
MYRNA,39482
PATRICE,39482
RONDA,39482
SHERRIE,39482
TAMMIE,39482
ABIGAIL,37964
ADELE,37964
ADRIANA,37964
CARA,37964
CELESTE,37964
CHERI,37964
DELORIS,37964
DORTHY,37964
FRANCINE,37964
JEWEL,37964
LUCINDA,37964
REBEKAH,37964
SHELBY,37964
STACIE,37964
AURORA,36445
BRITTNEY,36445
CHRIS,36445
CORINNE,36445
EFFIE,36445
ELVA,36445
ESTELLA,36445
ETTA,36445
FERN,36445
FRANCISCA,36445
HELENE,36445
JANELLE,36445
JOSIE,36445
KARIN,36445
KELSEY,36445
KERRI,36445
LAUREL,36445
LENORA,36445
LOTTIE,36445
LOURDES,36445
MARISSA,36445
NIKKI,36445
REBA,36445
SALLIE,36445
SHAWN,36445
TRACIE,36445
TRINA,36445
TRISHA,36445
AIDA,34926
BETTIE,34926
CAITLIN,34926
CASSIE,34926
CHRISTA,34926
ELISABETH,34926
EUGENIA,34926
GOLDIE,34926
INA,34926
INGRID,34926
IVA,34926
JENIFER,34926
MAUDE,34926
CANDY,33408
CHERIE,33408
CONSUELO,33408
DEBORA,33408
DENA,33408
DINA,33408
FRANKIE,33408
JANETTE,33408
LATONYA,33408
LORNA,33408
MORGAN,33408
POLLY,33408
ROSETTA,33408
TAMIKA,33408
THERESE,33408
CAROLINA,31889
CLEO,31889
DOROTHEA,31889
ESPERANZA,31889
FAY,31889
HELENA,31889
JEWELL,31889
JILLIAN,31889
KIMBERLEY,31889
NELL,31889
PATRICA,31889
SHANNA,31889
STEFANIE,31889
TRUDY,31889
ALISA,30371
JANINE,30371
LOU,30371
LUPE,30371
MARIBEL,30371
MOLLIE,30371
OLA,30371
ROSARIO,30371
SUSANNE,30371
ALTA,28852
BETTE,28852
CECILE,28852
DAPHNE,28852
ELISE,28852
ESTER,28852
GRACIELA,28852
IMOGENE,28852
ISABELLE,28852
JOCELYN,28852
JOLENE,28852
JONI,28852
KEISHA,28852
LEOLA,28852
LESLEY,28852
PAIGE,28852
PETRA,28852
RACHELLE,28852
SUSANA,28852
ADELINE,27334
BEATRIZ,27334
CARMELA,27334
CHARITY,27334
CLARICE,27334
GABRIELA,27334
GLENNA,27334
GRACIE,27334
JACLYN,27334
JAYNE,27334
KERI,27334
KIRSTEN,27334
LACEY,27334
LIZZIE,27334
MARISA,27334
MARISOL,27334
MAYRA,27334
ROSALIND,27334
SHANA,27334
SONDRA,27334
TONIA,27334
URSULA,27334
ANGELIA,25815
ANGELINE,25815
AUTUMN,25815
CATHLEEN,25815
CHRISTI,25815
CLAUDETTE,25815
ELMA,25815
FRIEDA,25815
GABRIELLE,25815
JEANINE,25815
JIMMIE,25815
JODIE,25815
JUSTINE,25815
KATHARINE,25815
LEA,25815
LILY,25815
LUELLA,25815
MARGRET,25815
MILLIE,25815
ROBBIE,25815
SHAUNA,25815
SHEENA,25815
STACI,25815
SUMMER,25815
ABBY,24296
AILEEN,24296
BOBBI,24296
CALLIE,24296
DALE,24296
DEANA,24296
DEE,24296
DOLLY,24296
DOMINIQUE,24296
GALE,24296
IVY,24296
JEANNINE,24296
LADONNA,24296
LARA,24296
LEANNE,24296
LORIE,24296
LUCILE,24296
LUISA,24296
MANUELA,24296
MARCY,24296
MARGO,24296
MARITZA,24296
MARTINA,24296
MAVIS,24296
RENE,24296
SELMA,24296
SOCORRO,24296
SYBIL,24296
WILLA,24296
WINNIE,24296
AUDRA,22778
BARBRA,22778
BETTYE,22778
BIANCA,22778
BRIDGETTE,22778
CORNELIA,22778
ELIZA,22778
GEORGINA,22778
JERI,22778
LATISHA,22778
LEANN,22778
LEILA,22778
MAGDALENA,22778
MATILDA,22778
MEAGAN,22778
OFELIA,22778
RANDI,22778
SIMONE,22778
VIRGIE,22778
ADELA,21259
ALEXANDRIA,21259
AVA,21259
BERNADINE,21259
BRIANNA,21259
CATALINA,21259
CHANDRA,21259
CLARISSA,21259
CONCEPCION,21259
CORRINE,21259
DONA,21259
EARLINE,21259
ELNORA,21259
ERICKA,21259
ESTELA,21259
FLOSSIE,21259
GRETA,21259
HALEY,21259
HILARY,21259
ILA,21259
JAMI,21259
LENORE,21259
LETHA,21259
LIDIA,21259
LILLY,21259
MIA,21259
MINERVA,21259
NELDA,21259
NOLA,21259
RAE,21259
RHODA,21259
ROSALYN,21259
RUTHIE,21259
SHARRON,21259
TERRIE,21259
TIA,21259
VALARIE,21259
ALLIE,19741
ALLYSON,19741
AMIE,19741
ASHLEE,19741
AVIS,19741
BENITA,19741
EMILIA,19741
ESMERALDA,19741
EVE,19741
HARRIETT,19741
HILLARY,19741
JEANIE,19741
KARINA,19741
LORAINE,19741
MALINDA,19741
MARYLOU,19741
MELISA,19741
MILAGROS,19741
NANNIE,19741
NEVA,19741
NOREEN,19741
ODESSA,19741
PEARLIE,19741
PENELOPE,19741
SAUNDRA,19741
SERENA,19741
SOFIA,19741
TABATHA,19741
TAMEKA,19741
TANIA,19741
TOMMIE,19741
ZELMA,19741
ALANA,18222
ALEJANDRA,18222
ALTHEA,18222
ANNABELLE,18222
CARLENE,18222
CARMELLA,18222
CLARE,18222
DARCY,18222
EARLENE,18222
EARNESTINE,18222
ELINOR,18222
GAY,18222
JERRI,18222
JOHN,18222
JORDAN,18222
JULIANNE,18222
KATY,18222
LILIA,18222
LIZA,18222
LORRIE,18222
LOUISA,18222
MALLORY,18222
MARCIE,18222
MICHAEL,18222
NITA,18222
NOEMI,18222
ROSALINDA,18222
SELENA,18222
TANISHA,18222
TAYLOR,18222
ALINE,16704
ALISSA,16704
CHARMAINE,16704
CHRYSTAL,16704
CLAUDINE,16704
COLETTE,16704
CORINE,16704
DEANNE,16704
DOLLIE,16704
EDDIE,16704
EDWINA,16704
EVANGELINE,16704
FRAN,16704
GEORGETTE,16704
ILENE,16704
JERRY,16704
JULIANA,16704
KASEY,16704
KATHIE,16704
KATHRINE,16704
KAYE,16704
KENYA,16704
KRIS,16704
LAKISHA,16704
LAVONNE,16704
LAWANDA,16704
LILIAN,16704
LINA,16704
LUANN,16704
MADGE,16704
MARGERY,16704
MARI,16704
MARICELA,16704
MARYANNE,16704
MELVA,16704
MERLE,16704
MITZI,16704
NADIA,16704
NANETTE,16704
NONA,16704
OPHELIA,16704
ROSLYN,16704
ROXIE,16704
SUZETTE,16704
TAMMI,16704
VALERIA,16704
YESENIA,16704
ALYCE,15185
AMALIA,15185
ANASTASIA,15185
ARACELI,15185
ARLINE,15185
AUGUSTA,15185
AURELIA,15185
BERTA,15185
BRIANA,15185
CARLY,15185
CHASITY,15185
CHRISTIAN,15185
CORINA,15185
DEENA,15185
DEIDRE,15185
DEIRDRE,15185
ELVIA,15185
GENA,15185
IMELDA,15185
JAMES,15185
JANNA,15185
JOSEFA,15185
JULIETTE,15185
KATELYN,15185
LAKEISHA,15185
LEONOR,15185
LESSIE,15185
LILIANA,15185
LYNNETTE,15185
MADELYN,15185
MARCI,15185
MARIETTA,15185
MARVA,15185
NATALIA,15185
REVA,15185
ROSANNE,15185
ROSEANN,15185
ROSELLA,15185
SASHA,15185
SAVANNAH,15185
SHEREE,15185
SUSANNA,15185
TESSA,15185
VILMA,15185
WENDI,15185
YOUNG,15185
ADRIAN,13667
AISHA,13667
ALBA,13667
ALFREDA,13667
ALYSON,13667
AMPARO,13667
ANGELIQUE,13667
ANGELITA,13667
ANNMARIE,13667
BERTIE,13667
BERYL,13667
BRIDGETT,13667
BRIGITTE,13667
BRITNEY,13667
CAREY,13667
CARISSA,13667
CASANDRA,13667
CATHRYN,13667
CHERRY,13667
COLEEN,13667
CONCETTA,13667
DIANN,13667
DIONNE,13667
ENID,13667
ERNA,13667
EVANGELINA,13667
FANNY,13667
FLORINE,13667
FRANCESCA,13667
FREIDA,13667
GILDA,13667
HALLIE,13667
HELGA,13667
HESTER,13667
HOLLIE,13667
INES,13667
JACKLYN,13667
JANELL,13667
JANNIE,13667
JULIET,13667
KAITLIN,13667
KARYN,13667
KATHERYN,13667
KATINA,13667
LACY,13667
LAURI,13667
LEANNA,13667
LELIA,13667
LIZ,13667
LOLITA,13667
MADELEINE,13667
MAI,13667
MARA,13667
MARIANA,13667
MARQUITA,13667
MARYELLEN,13667
MAURA,13667
MILLICENT,13667
PHOEBE,13667
QUEEN,13667
REYNA,13667
RHEA,13667
ROSANNA,13667
ROWENA,13667
TAMERA,13667
TAMRA,13667
TISHA,13667
TWILA,13667
WILDA,13667
ABBIE,12148
ADELAIDE,12148
ALLENE,12148
ANTIONETTE,12148
ASHLEIGH,12148
BEVERLEY,12148
BOBBY,12148
BRANDIE,12148
CAMILLA,12148
CARYN,12148
CELINA,12148
CHELSEY,12148
CORTNEY,12148
DAYNA,12148
DEANN,12148
DEIDRA,12148
DENICE,12148
DESSIE,12148
DORETHA,12148
EDYTHE,12148
ELBA,12148
ELDA,12148
ELISHA,12148
EMILIE,12148
FELECIA,12148
GAYLA,12148
GERI,12148
GERMAINE,12148
GUSSIE,12148
HERMINIA,12148
ISABELLA,12148
JADE,12148
JASMIN,12148
JESSE,12148
JUDI,12148
JUSTINA,12148
KAITLYN,12148
KATHI,12148
KIMBERLEE,12148
KITTY,12148
LAKESHA,12148
LASHONDA,12148
LATANYA,12148
LEEANN,12148
LESA,12148
LETA,12148
LETITIA,12148
LIBBY,12148
LOUELLA,12148
MA,12148
MARGOT,12148
MELLISA,12148
MICHAELA,12148
MICHELL,12148
MINA,12148
MONIKA,12148
NAN,12148
NELLY,12148
NOELLE,12148
OCTAVIA,12148
PAMALA,12148
PANSY,12148
RENAE,12148
ROBERT,12148
ROCIO,12148
ROSALIA,12148
SELINA,12148
SHARLENE,12148
SIERRA,12148
SYDNEY,12148
TERRA,12148
TORI,12148
VONDA,12148
ZELDA,12148
ADELINA,10629
ADRIANNE,10629
AGATHA,10629
ALECIA,10629
ALENE,10629
ARIEL,10629
ARLEEN,10629
ATHENA,10629
AUBREY,10629
BELLE,10629
BENNIE,10629
BESS,10629
BIRDIE,10629
BRIANNE,10629
CAREN,10629
CARI,10629
CATRINA,10629
CELESTINE,10629
CHANTEL,10629
CHLOE,10629
CHONG,10629
CHRISTEN,10629
CHRISTIN,10629
CINDI,10629
DANETTE,10629
DANIELA,10629
DANNA,10629
DARA,10629
DEBBY,10629
DELILAH,10629
DELMA,10629
DELPHINE,10629
DEMETRIA,10629
DESTINY,10629
DEVON,10629
DINAH,10629
DOTTIE,10629
ELEANORE,10629
ELIA,10629
ELIDA,10629
ELOISA,10629
ERNESTINA,10629
FATIMA,10629
FREDDIE,10629
GRISELDA,10629
GUILLERMINA,10629
HANNA,10629
HORTENCIA,10629
IOLA,10629
IONA,10629
IVETTE,10629
JACQULINE,10629
JANEL,10629
JAQUELINE,10629
JEANNA,10629
JENA,10629
KARRIE,10629
KRYSTLE,10629
LASHAWN,10629
LATRICE,10629
LEORA,10629
LONA,10629
LUCRETIA,10629
MALISSA,10629
MARIANNA,10629
MARILYNN,10629
MARISELA,10629
MARYBETH,10629
MARYJANE,10629
MAUDIE,10629
MAURINE,10629
MERRY,10629
MIGDALIA,10629
NILDA,10629
OMA,10629
PATTIE,10629
PORTIA,10629
RACHEAL,10629
REBECA,10629
RETHA,10629
ROBBIN,10629
ROSALEE,10629
ROSITA,10629
SHELLIE,10629
SHIELA,10629
SHONDA,10629
SOLEDAD,10629
SUN,10629
TARYN,10629
TAWANA,10629
TERA,10629
TERESITA,10629
TESSIE,10629
THEODORA,10629
TILLIE,10629
TREVA,10629
VEDA,10629
VERDA,10629
VERNICE,10629
VIDA,10629
VIRGINA,10629
WILHELMINA,10629
WILLIAM,10629
WINONA,10629
YONG,10629
ALETHA,9111
ALEXA,9111
ALINA,9111
ALVA,9111
ALVINA,9111
ANNEMARIE,9111
ANNETTA,9111
ARETHA,9111
BARB,9111
BELLA,9111
BELVA,9111
BERNIECE,9111
BETTINA,9111
BREANNA,9111
CANDIDA,9111
CARIDAD,9111
CARMEL,9111
CARMELITA,9111
CARROLL,9111
CATHARINE,9111
CATHRINE,9111
CHARLA,9111
CHARLES,9111
CHARLIE,9111
CHRISTAL,9111
CORI,9111
CRISTY,9111
CRUZ,9111
DALIA,9111
DAMARIS,9111
DAVID,9111
DELOIS,9111
DOMINGA,9111
DORRIS,9111
ELISSA,9111
ELLIE,9111
ELOUISE,9111
ELYSE,9111
ERLINDA,9111
EVETTE,9111
FELICITA,9111
FILOMENA,9111
FLOR,9111
GILLIAN,9111
GISELA,9111
HARRIETTE,9111
HAYDEE,9111
INDIA,9111
IONE,9111
ISABELL,9111
JAYME,9111
JUNG,9111
KERRIE,9111
KIRA,9111
KISHA,9111
KRISTAL,9111
KYLIE,9111
LARISSA,9111
LAURETTA,9111
LEOTA,9111
LETTIE,9111
LORRI,9111
LURA,9111
LYN,9111
MADONNA,9111
MANDI,9111
MARCELA,9111
MARGE,9111
MARJORY,9111
MATILDE,9111
MAYA,9111
MAYME,9111
MELLISSA,9111
MELODIE,9111
MIRNA,9111
MISSY,9111
NOEL,9111
ORALIA,9111
PAULINA,9111
PEARLINE,9111
PHILLIS,9111
PILAR,9111
PRICILLA,9111
RAFAELA,9111
REINA,9111
RENITA,9111
RETA,9111
ROSEANNE,9111
ROXANA,9111
ROXANNA,9111
RYAN,9111
SAMATHA,9111
SANDI,9111
SANTA,9111
SHANDA,9111
SHAYLA,9111
SUZAN,9111
TAMELA,9111
TANA,9111
TIARA,9111
TIFFANI,9111
TOMASA,9111
TRINIDAD,9111
UNA,9111
VADA,9111
VALENCIA,9111
VENUS,9111
VERNELL,9111
VESTA,9111
ZELLA,9111
ZENAIDA,9111
ZOE,9111
ZOILA,9111
ADELL,7592
ALAINA,7592
ALPHA,7592
ANDRA,7592
ANDRIA,7592
ANISSA,7592
ANNAMARIE,7592
ANTONETTE,7592
ARIANA,7592
ASIA,7592
AURA,7592
BELEN,7592
BLAIR,7592
BRENNA,7592
CANDI,7592
CARROL,7592
CECIL,7592
CHANEL,7592
CHANTAL,7592
CHARLEEN,7592
CHARLINE,7592
CHASTITY,7592
CHIQUITA,7592
CLEMENTINE,7592
COLLETTE,7592
CORDELIA,7592
COREY,7592
CORRIE,7592
CRISTAL,7592
DANELLE,7592
DANIEL,7592
DANITA,7592
DARLEEN,7592
DEBI,7592
DEBRAH,7592
DELFINA,7592
DONNIE,7592
DORCAS,7592
DORENE,7592
DORTHA,7592
DOVIE,7592
DULCE,7592
EASTER,7592
EULALIA,7592
FABIOLA,7592
FLOY,7592
GABRIELLA,7592
GAYE,7592
GENE,7592
GENOVEVA,7592
GEORGE,7592
GEORGIANA,7592
GEORGIANNA,7592
GERRI,7592
GERRY,7592
GERTIE,7592
GINNY,7592
GREGORIA,7592
HAYLEY,7592
HELLEN,7592
HERLINDA,7592
HILDEGARD,7592
IDELLA,7592
IMA,7592
IVONNE,7592
IVORY,7592
JACQUE,7592
JACQUELIN,7592
JANNETTE,7592
JEANA,7592
JESICA,7592
JOE,7592
JOELLE,7592
JOHNNA,7592
JOSEPH,7592
JOSETTE,7592
JOVITA,7592
JULI,7592
JULIANNA,7592
KAROL,7592
KARON,7592
KESHA,7592
KESHIA,7592
KIA,7592
KYLA,7592
LAN,7592
LAQUITA,7592
LATONIA,7592
LATRICIA,7592
LAVERN,7592
LEILANI,7592
LEONE,7592
LEONORA,7592
LIA,7592
LINDY,7592
LIZETTE,7592
LONNIE,7592
LOREN,7592
LORINE,7592
LOUANN,7592
LOUIS,7592
LUANNE,7592
LUCILA,7592
MAGDA,7592
MAJORIE,7592
MARCELLE,7592
MARIAH,7592
MARIAM,7592
MARLENA,7592
MARLYN,7592
MARLYS,7592
MAUD,7592
MEI,7592
MELVINA,7592
MI,7592
MICAELA,7592
MIMI,7592
MISTI,7592
MOZELLE,7592
MYRTIS,7592
NAKIA,7592
NATHALIE,7592
NEDRA,7592
NEREIDA,7592
NICKI,7592
NIKI,7592
NIKITA,7592
OLETA,7592
ONA,7592
PERLA,7592
PHILOMENA,7592
PRECIOUS,7592
PRINCESS,7592
RAVEN,7592
RAY,7592
RENATA,7592
RENATE,7592
RICHELLE,7592
ROMA,7592
ROMONA,7592
ROSALBA,7592
ROSALINA,7592
ROSELYN,7592
ROXANN,7592
SABINA,7592
SAMMIE,7592
SHANON,7592
SHANTEL,7592
SHARONDA,7592
SHARYN,7592
SHELLI,7592
STACIA,7592
STEPHANY,7592
STEPHENIE,7592
SUNNY,7592
SUZANNA,7592
TATIANA,7592
TENA,7592
THEA,7592
THEDA,7592
TIANA,7592
TONJA,7592
TOSHA,7592
TRISTA,7592
TWYLA,7592
TYRA,7592
VALENTINA,7592
VALORIE,7592
VELDA,7592
VENESSA,7592
VERLA,7592
VIKKI,7592
VIOLETA,7592
VIVIANA,7592
YADIRA,7592
ABBEY,6074
ADELAIDA,6074
ADRIANE,6074
ADRIANNA,6074
ALANNA,6074
ALBINA,6074
ALDA,6074
ALESHA,6074
ALESIA,6074
ALETA,6074
ALTAGRACIA,6074
AMI,6074
ANABEL,6074
ANH,6074
ARACELY,6074
ARDIS,6074
ARDITH,6074
ARMIDA,6074
ARTIE,6074
ASHTON,6074
ASTRID,6074
BAMBI,6074
BERNITA,6074
BILLY,6074
BLANCH,6074
BONNY,6074
BRIGETTE,6074
BRITTANI,6074
BROOK,6074
CAITLYN,6074
CANDELARIA,6074
CARINA,6074
CARLEEN,6074
CARLOTTA,6074
CARMAN,6074
CAROLEE,6074
CARY,6074
CARYL,6074
CATHIE,6074
CATINA,6074
CHANDA,6074
CHARISSE,6074
CHELSIE,6074
CHERLY,6074
CHERYLE,6074
CHRISSY,6074
CINTHIA,6074
CORAL,6074
CORINNA,6074
CORY,6074
CRISTINE,6074
DANIELLA,6074
DARCI,6074
DARIA,6074
DAWNA,6074
DEVIN,6074
DIAN,6074
DONITA,6074
DORI,6074
DORINDA,6074
EDIE,6074
ELAINA,6074
ELENOR,6074
ELIZEBETH,6074
ENA,6074
ENRIQUETA,6074
ERA,6074
EVIE,6074
EVONNE,6074
FARRAH,6074
FAWN,6074
FELICITAS,6074
FELIPA,6074
FELISHA,6074
FLORIDA,6074
GARNET,6074
GEORGIE,6074
GERDA,6074
GISELLE,6074
HAILEY,6074
HERMELINDA,6074
HOLLI,6074
HONG,6074
HORTENSE,6074
ILEANA,6074
ILSE,6074
INGE,6074
IRA,6074
JADA,6074
JAIMIE,6074
JAMILA,6074
JANEEN,6074
JANINA,6074
JEANE,6074
JEANETTA,6074
JENELLE,6074
JENIFFER,6074
JENNETTE,6074
JENNI,6074
JERRIE,6074
JOANIE,6074
JOELLEN,6074
JOLEEN,6074
JONNIE,6074
JOSEPHINA,6074
JOYCELYN,6074
KALA,6074
KAMI,6074
KARISSA,6074
KAROLYN,6074
KASSANDRA,6074
KEELY,6074
KENDALL,6074
KORI,6074
KYLE,6074
KYONG,6074
KYRA,6074
KYUNG,6074
LACIE,6074
LAKESHIA,6074
LASHANDA,6074
LATOSHA,6074
LAUREEN,6074
LAURETTE,6074
LAVINA,6074
LAVON,6074
LEATRICE,6074
LEISA,6074
LIDA,6074
LINNEA,6074
LINNIE,6074
LISE,6074
LISETTE,6074
LISSETTE,6074
LIZABETH,6074
LIZBETH,6074
LORENZA,6074
LOVIE,6074
LUCIE,6074
LULU,6074
LYNDSEY,6074
MACKENZIE,6074
MAGDALENE,6074
MAGNOLIA,6074
MARANDA,6074
MARCELINA,6074
MARGARETTE,6074
MARIANN,6074
MARILEE,6074
MARITA,6074
MARK,6074
MARNIE,6074
MARQUERITE,6074
MARTI,6074
MARTY,6074
MARVEL,6074
MARYLIN,6074
MAXIE,6074
MAYBELLE,6074
MEAGHAN,6074
MELINA,6074
MELONY,6074
META,6074
MICKEY,6074
MIREYA,6074
MIRIAN,6074
MITTIE,6074
MYRIAM,6074
NANCI,6074
NANNETTE,6074
NATIVIDAD,6074
NENA,6074
NICOLA,6074
NILA,6074
NOVA,6074
NOVELLA,6074
NYDIA,6074
OK,6074
ORPHA,6074
PEGGIE,6074
PENNIE,6074
PHUONG,6074
PHYLIS,6074
PHYLISS,6074
PRUDENCE,6074
RHIANNON,6074
RICHARD,6074
RONA,6074
RONNIE,6074
ROSEANNA,6074
ROSINA,6074
ROXANE,6074
RUBYE,6074
RUTHANN,6074
SALINA,6074
SANJUANA,6074
SANJUANITA,6074
SANTOS,6074
SCARLETT,6074
SHAINA,6074
SHALONDA,6074
SHAMEKA,6074
SHAMIKA,6074
SHANTA,6074
SHANTE,6074
SHARA,6074
SHARLA,6074
SHAYNA,6074
SHERIE,6074
SHERITA,6074
SHERRILL,6074
SHIRLENE,6074
SIDNEY,6074
SOON,6074
STARLA,6074
STARR,6074
SUSANNAH,6074
TAWANDA,6074
TAWNYA,6074
TEENA,6074
TERESE,6074
TERESSA,6074
THUY,6074
TIERRA,6074
TIFFANIE,6074
TOBY,6074
TOMEKA,6074
TONY,6074
TOYA,6074
TRENA,6074
TRESA,6074
TRESSA,6074
VENITA,6074
VERGIE,6074
VICKEY,6074
WINDY,6074
WINNIFRED,6074
XIOMARA,6074
YASMIN,6074
YOLONDA,6074
YOSHIKO,6074
ZOLA,6074
ZORAIDA,6074
ADELIA,4555
ADELLA,4555
ADELLE,4555
ADINA,4555
ADRIA,4555
AFTON,4555
AGUSTINA,4555
AJA,4555
ALBERTHA,4555
ALBERTINE,4555
ALENA,4555
ALETHEA,4555
ALEXIA,4555
ALIDA,4555
ALMEDA,4555
ALYCIA,4555
ALYSIA,4555
AMADA,4555
AMERICA,4555
ANASTACIA,4555
ANGELLA,4555
ANGLEA,4555
ANIKA,4555
ANITRA,4555
ANNABEL,4555
ANNELIESE,4555
ANTHONY,4555
ANTONINA,4555
ARCELIA,4555
ARIELLE,4555
ARLETTE,4555
ASHA,4555
ASHELY,4555
ASHLIE,4555
ASHLY,4555
AUDRY,4555
AUGUSTINE,4555
AUREA,4555
AWILDA,4555
AYESHA,4555
BAILEY,4555
BARBIE,4555
BEA,4555
BERENICE,4555
BOBBYE,4555
BRANDEE,4555
BREANNE,4555
BREE,4555
BRITT,4555
BUFFY,4555
CAMERON,4555
CAMI,4555
CANDANCE,4555
CANDIS,4555
CARIN,4555
CARLOTA,4555
CARLYN,4555
CARMA,4555
CAROLANN,4555
CAROLYNN,4555
CARON,4555
CARRI,4555
CASSIDY,4555
CATHI,4555
CECILY,4555
CHANA,4555
CHANTELLE,4555
CHARISSA,4555
CHARLETTE,4555
CHAROLETTE,4555
CHERISE,4555
CHERRI,4555
CHERRIE,4555
CHEYENNE,4555
CHRISTEL,4555
CHRISTENE,4555
CHRISTIANA,4555
CHRISTIANE,4555
CHRISTOPHER,4555
CHUN,4555
CIARA,4555
CIERRA,4555
CINDA,4555
CLAIR,4555
CLARIBEL,4555
CLETA,4555
CLYDE,4555
CORAZON,4555
CORENE,4555
CORRINA,4555
CRISTI,4555
CRISTIN,4555
CYNDI,4555
CYTHIA,4555
DANI,4555
DANICA,4555
DANIELE,4555
DANNIELLE,4555
DANYELLE,4555
DARCIE,4555
DARLINE,4555
DAVIDA,4555
DAVINA,4555
DEAN,4555
DEB,4555
DEBBRA,4555
DEDRA,4555
DELORA,4555
DELPHIA,4555
DEMETRA,4555
DENEEN,4555
DENNA,4555
DESIRAE,4555
DOMENICA,4555
DOROTHA,4555
DORTHEA,4555
DUSTY,4555
EARTHA,4555
EBONI,4555
EDA,4555
EDELMIRA,4555
EDEN,4555
ELANA,4555
ELDORA,4555
ELEANORA,4555
ELFRIEDE,4555
ELMIRA,4555
ELNA,4555
ELVERA,4555
EMELIA,4555
EMOGENE,4555
ENEDINA,4555
ESTRELLA,4555
ETHELYN,4555
EUGENIE,4555
EUN,4555
EVALYN,4555
EVELIA,4555
EVON,4555
FALLON,4555
FELICA,4555
FELICE,4555
FELISA,4555
FERNE,4555
FIONA,4555
FLORENE,4555
FONDA,4555
GABRIEL,4555
GAYNELL,4555
GEMMA,4555
GEORGETTA,4555
GERALYN,4555
GIOVANNA,4555
GISELE,4555
GLADIS,4555
GLORY,4555
GOLDA,4555
GRETTA,4555
HEDWIG,4555
HETTIE,4555
HOA,4555
HORTENSIA,4555
HUI,4555
HULDA,4555
HUONG,4555
IDALIA,4555
ILIANA,4555
ILONA,4555
IN,4555
INGA,4555
INGEBORG,4555
IRENA,4555
ISELA,4555
JACALYN,4555
JACINTA,4555
JACKELINE,4555
JAMMIE,4555
JANAE,4555
JANENE,4555
JANEY,4555
JAUNITA,4555
JAY,4555
JAZMIN,4555
JENNIFFER,4555
JERALDINE,4555
JERILYN,4555
JETTIE,4555
JOANA,4555
JOETTA,4555
JOEY,4555
JOHNETTA,4555
JOHNIE,4555
JOHNNY,4555
JOI,4555
JOLYNN,4555
JONNA,4555
JOSE,4555
JUAN,4555
JUDIE,4555
JULIANN,4555
JULIETA,4555
JULISSA,4555
KACEY,4555
KACI,4555
KACIE,4555
KANDACE,4555
KANDI,4555
KANDICE,4555
KANDY,4555
KARAN,4555
KARIE,4555
KARLENE,4555
KARRI,4555
KASANDRA,4555
KATHLENE,4555
KATHLYN,4555
KATHRYNE,4555
KATHYRN,4555
KAYLEE,4555
KECIA,4555
KEIKO,4555
KELI,4555
KELSIE,4555
KENNA,4555
KENYATTA,4555
KIARA,4555
KIMBERELY,4555
KIRSTIN,4555
KIZZY,4555
KRISTAN,4555
KRISTIAN,4555
KRISTYN,4555
KRYSTYNA,4555
KUM,4555
KYLEE,4555
LACI,4555
LAI,4555
LANETTE,4555
LANI,4555
LANITA,4555
LARUE,4555
LAURENE,4555
LAVADA,4555
LAVINIA,4555
LAVONDA,4555
LEANDRA,4555
LEATHA,4555
LEDA,4555
LEESA,4555
LENNIE,4555
LESLEE,4555
LESLI,4555
LI,4555
LIANA,4555
LIANE,4555
LIN,4555
LINETTE,4555
LINH,4555
LINSEY,4555
LISSA,4555
LITA,4555
LOREEN,4555
LORELEI,4555
LORINDA,4555
LORRETTA,4555
LU,4555
LUANA,4555
LUCIANA,4555
LUCIENNE,4555
LUE,4555
LUPITA,4555
LYDA,4555
LYLA,4555
LYNDSAY,4555
MACHELLE,4555
MADISON,4555
MAEGAN,4555
MAIRA,4555
MALIA,4555
MARGARETE,4555
MARIBETH,4555
MARIELA,4555
MARILOU,4555
MARLO,4555
MARRY,4555
MARTINE,4555
MARYJO,4555
MARYLEE,4555
MARYLYN,4555
MATHILDA,4555
MAZIE,4555
MECHELLE,4555
MEE,4555
MEG,4555
MELONIE,4555
MERCY,4555
MERYL,4555
MICKIE,4555
MILISSA,4555
MINDI,4555
MIRA,4555
MIRTA,4555
MODESTA,4555
MOIRA,4555
MOZELL,4555
MY,4555
MYONG,4555
MYRTICE,4555
NADA,4555
NAKISHA,4555
NELIDA,4555
NELLA,4555
NELLE,4555
NIA,4555
NICHELLE,4555
NICHOL,4555
NICOLASA,4555
NICOLETTE,4555
NIDIA,4555
NILSA,4555
NINFA,4555
NOELIA,4555
NORENE,4555
NORINE,4555
NUMBERS,4555
OCIE,4555
ODELL,4555
ODETTE,4555
OLIVA,4555
OTILIA,4555
OUIDA,4555
PAGE,4555
PALMA,4555
PAOLA,4555
PARIS,4555
PATRICK,4555
PAUL,4555
PINKIE,4555
RACQUEL,4555
RANDA,4555
RANDY,4555
RASHIDA,4555
REGAN,4555
RENEA,4555
RINA,4555
ROLANDA,4555
ROMANA,4555
RONNA,4555
ROSALINE,4555
ROSALVA,4555
ROSARIA,4555
ROSAURA,4555
RUFINA,4555
SABINE,4555
SABRA,4555
SADE,4555
SARITA,4555
SHANDRA,4555
SHANELL,4555
SHANI,4555
SHANIKA,4555
SHANITA,4555
SHANNAN,4555
SHANTELL,4555
SHAREE,4555
SHAREN,4555
SHASTA,4555
SHAWANDA,4555
SHAY,4555
SHENA,4555
SHERILYN,4555
SHERON,4555
SHERRON,4555
SHERRYL,4555
SHIRLEE,4555
SHIRLY,4555
SIBYL,4555
SIGRID,4555
SIMONA,4555
SIOBHAN,4555
STAR,4555
STEFANI,4555
STEPHAINE,4555
STEPHANI,4555
STEPHINE,4555
STORMY,4555
SU,4555
SUNSHINE,4555
SUSANN,4555
SUZIE,4555
SUZY,4555
SYBLE,4555
TALIA,4555
TAMAR,4555
TAMATHA,4555
TAMIE,4555
TAMIKO,4555
TANESHA,4555
TANGELA,4555
TANIKA,4555
TARSHA,4555
TAWANNA,4555
TENISHA,4555
TEODORA,4555
TESS,4555
THERSA,4555
THOMAS,4555
THOMASINA,4555
TIFFINY,4555
TOMMY,4555
TRACEE,4555
TRESSIE,4555
TRISH,4555
VAN,4555
VELIA,4555
VELVA,4555
VERNIE,4555
VERNITA,4555
VERONA,4555
VICENTA,4555
VINA,4555
VITA,4555
VIVA,4555
VONNIE,4555
WANITA,4555
WILLENE,4555
WYNONA,4555
YETTA,4555
YOKO,4555
YU,4555
ZAIDA,4555
ZANDRA,4555
ZENA,4555
ZENOBIA,4555
ZINA,4555
ZONA,4555
ZORA,4555
ZULA,4555
ZULMA,4555
AARON,3037
ADALINE,3037
ADRIENE,3037
AKIKO,3037
ALBERTINA,3037
ALEIDA,3037
ALEJANDRINA,3037
ALETHIA,3037
ALEX,3037
ALEXANDER,3037
ALI,3037
ALIA,3037
ALICA,3037
ALISE,3037
ALISHIA,3037
ALISIA,3037
ALIX,3037
ALIZA,3037
ALLA,3037
ALLEGRA,3037
ALLEN,3037
ALLINE,3037
ALMETA,3037
ALTHA,3037
ALVERA,3037
ALYSE,3037
ALYSHA,3037
AMINA,3037
AMMIE,3037
ANDRE,3037
ANDREE,3037
ANDREW,3037
ANETTE,3037
ANGELE,3037
ANGELENA,3037
ANGELES,3037
ANGELIC,3037
ANGELIKA,3037
ANGELO,3037
ANGLE,3037
ANJANETTE,3037
ANNABELL,3037
ANNALEE,3037
ANNALISA,3037
ANNAMAE,3037
ANNETT,3037
ANNICE,3037
ANNIS,3037
ANTONIETTA,3037
ANTONIO,3037
ANYA,3037
APRYL,3037
ARACELIS,3037
ARDELL,3037
ARDELLA,3037
ARIANE,3037
ARIANNA,3037
ARIE,3037
ARLA,3037
ARLENA,3037
ARLETTA,3037
ARMANDA,3037
ARMINDA,3037
ARNETTA,3037
ARNITA,3037
ARTHUR,3037
ARVILLA,3037
ASHLI,3037
ASHLYN,3037
ASSUNTA,3037
ASUNCION,3037
AUDIE,3037
AUDREA,3037
AUGUSTINA,3037
AUNDREA,3037
AVELINA,3037
AYANA,3037
AYANNA,3037
AZUCENA,3037
BABARA,3037
BABETTE,3037
BARBAR,3037
BARBERA,3037
BECKIE,3037
BELIA,3037
BERNEICE,3037
BERNETTA,3037
BERNIE,3037
BETHANN,3037
BETHEL,3037
BETSEY,3037
BEV,3037
BEVERLEE,3037
BILLYE,3037
BIRGIT,3037
BLYTHE,3037
BRANDA,3037
BRANDON,3037
BRIGID,3037
BRIGIDA,3037
BRINDA,3037
BRITANY,3037
BRITNI,3037
BRITTNI,3037
BRONWYN,3037
BRUNILDA,3037
BRYNN,3037
CAMELIA,3037
CAMMIE,3037
CANDIE,3037
CANDYCE,3037
CAPRICE,3037
CARIE,3037
CARISA,3037
CARL,3037
CARLETTA,3037
CARLEY,3037
CARLIE,3037
CARLINE,3037
CARMELINA,3037
CARMON,3037
CAROLYNE,3037
CASIE,3037
CATARINA,3037
CATERINA,3037
CATHEY,3037
CECILA,3037
CELENA,3037
CELESTINA,3037
CELINE,3037
CHANTE,3037
CHANTELL,3037
CHARISE,3037
CHAU,3037
CHAYA,3037
CHERISH,3037
CHERRYL,3037
CHERYLL,3037
CHI,3037
CHIN,3037
CHRISTEEN,3037
CHRISTENA,3037
CHUNG,3037
CICELY,3037
CIERA,3037
CLARINE,3037
CLARITA,3037
CLEMENTINA,3037
CLEMMIE,3037
CLEOPATRA,3037
CLEORA,3037
CLOTILDE,3037
CODY,3037
COLETTA,3037
COLLEN,3037
CONCHITA,3037
CONSUELA,3037
CORDIE,3037
COREEN,3037
CORETTA,3037
CORIE,3037
CORLISS,3037
CRISELDA,3037
CRISSY,3037
CRISTA,3037
CRISTEN,3037
CRISTIE,3037
DAGMAR,3037
DAHLIA,3037
DAISEY,3037
DALILA,3037
DALLAS,3037
DANAE,3037
DANIA,3037
DANIKA,3037
DANNETTE,3037
DANUTA,3037
DAPHINE,3037
DARBY,3037
DARNELL,3037
DARYL,3037
DAWNE,3037
DAYLE,3037
DEANDRA,3037
DEANE,3037
DEBBI,3037
DEBROAH,3037
DEEANN,3037
DELANA,3037
DELENA,3037
DELICIA,3037
DELINDA,3037
DELISA,3037
DELL,3037
DELPHA,3037
DELTA,3037
DEMETRICE,3037
DENESE,3037
DENISHA,3037
DENITA,3037
DENNIS,3037
DENNISE,3037
DESIRE,3037
DETRA,3037
DEVONA,3037
DEVORA,3037
DEVORAH,3037
DIAMOND,3037
DIEDRA,3037
DIEDRE,3037
DIGNA,3037
DIMPLE,3037
DIONE,3037
DIONNA,3037
DOLORIS,3037
DOMINQUE,3037
DOMONIQUE,3037
DONALD,3037
DONETTA,3037
DONYA,3037
DORATHY,3037
DORIAN,3037
DORIE,3037
DORINE,3037
DOT,3037
DREAMA,3037
DREMA,3037
DRUCILLA,3037
DRUSILLA,3037
DUNG,3037
DYAN,3037
EARLEAN,3037
EARLEEN,3037
ECHO,3037
EDDA,3037
EDWARD,3037
ELANOR,3037
ELAYNE,3037
ELEASE,3037
ELENI,3037
ELENORA,3037
ELIANA,3037
ELICIA,3037
ELIZBETH,3037
ELKE,3037
ELLY,3037
ELLYN,3037
ELODIA,3037
ELOIS,3037
ELSE,3037
ELVIE,3037
ELVINA,3037
EMA,3037
EMELDA,3037
EMIKO,3037
EMILEE,3037
EMMIE,3037
EMMY,3037
ENEIDA,3037
ENOLA,3037
EPIFANIA,3037
ERIC,3037
ERINN,3037
ERLENE,3037
ERLINE,3037
ERMELINDA,3037
ERMINIA,3037
ESTA,3037
ESTELL,3037
ETHELENE,3037
ETHYL,3037
EUGENE,3037
EVAN,3037
EVELIN,3037
EVELINA,3037
EVELINE,3037
EVELYNE,3037
EXIE,3037
FAE,3037
FARAH,3037
FAUSTINA,3037
FE,3037
FERNANDA,3037
FLAVIA,3037
FLO,3037
FLORANCE,3037
FLORENCIA,3037
FLORENTINA,3037
FLORETTA,3037
FLORINDA,3037
FRANCE,3037
FRANCIE,3037
FRANCINA,3037
FRANCISCO,3037
FRANCOISE,3037
FRANK,3037
FREDERICA,3037
FREDERICKA,3037
FREDIA,3037
FREEDA,3037
FUMIKO,3037
GABRIELE,3037
GARNETT,3037
GARY,3037
GAYLENE,3037
GEARLDINE,3037
GENIA,3037
GENIE,3037
GENNIE,3037
GEORGENE,3037
GEORGINE,3037
GERTHA,3037
GERTRUD,3037
GIA,3037
GIGI,3037
GLADY,3037
GLENDORA,3037
GLENNIE,3037
GLENNIS,3037
GLINDA,3037
GLYNDA,3037
GRACIA,3037
GUDRUN,3037
GWENDA,3037
GWENN,3037
GWYN,3037
HA,3037
HAE,3037
HALINA,3037
HANA,3037
HANH,3037
HANNELORE,3037
HARMONY,3037
HEDY,3037
HEE,3037
HEIDE,3037
HENRIETTE,3037
HENRY,3037
HERMINA,3037
HERMINE,3037
HILARIA,3037
HILDE,3037
HILDEGARDE,3037
HILDRED,3037
HILMA,3037
HIROKO,3037
HOLLEY,3037
HOLLIS,3037
HONEY,3037
HYACINTH,3037
HYE,3037
HYON,3037
HYUN,3037
IDELL,3037
IESHA,3037
IGNACIA,3037
ILANA,3037
ILDA,3037
ILUMINADA,3037
INDIRA,3037
INELL,3037
INGER,3037
INOCENCIA,3037
IRINA,3037
IRISH,3037
IRMGARD,3037
ISA,3037
ISAURA,3037
ISIDRA,3037
ISIS,3037
IVANA,3037
JACKI,3037
JACQUALINE,3037
JACQUELYNE,3037
JACQUELYNN,3037
JACQUILINE,3037
JACQULYN,3037
JADWIGA,3037
JAE,3037
JALEESA,3037
JAMEY,3037
JANAY,3037
JANESSA,3037
JANETH,3037
JANETT,3037
JANETTA,3037
JANITA,3037
JANN,3037
JASON,3037
JAZMINE,3037
JEANENE,3037
JEN,3037
JENELL,3037
JENETTE,3037
JENI,3037
JENICE,3037
JENINE,3037
JENISE,3037
JENNEFER,3037
JESENIA,3037
JESSENIA,3037
JESSI,3037
JESUS,3037
JESUSA,3037
JIMMY,3037
JIN,3037
JINA,3037
JODEE,3037
JOEANN,3037
JOEL,3037
JOELLA,3037
JOHANA,3037
JOLANDA,3037
JOLIE,3037
JONA,3037
JONELL,3037
JONELLE,3037
JOSELYN,3037
JOSLYN,3037
JOYE,3037
JULEE,3037
JULIAN,3037
JULIANE,3037
JULIENNE,3037
JUNITA,3037
JUSTIN,3037
JUTTA,3037
KACY,3037
KALEY,3037
KALI,3037
KAM,3037
KAREY,3037
KARINE,3037
KARL,3037
KARLEEN,3037
KARMA,3037
KARMEN,3037
KARREN,3037
KARYL,3037
KASIE,3037
KASSIE,3037
KATHALEEN,3037
KATHARINA,3037
KATHE,3037
KATHERIN,3037
KATHERN,3037
KATHEY,3037
KATI,3037
KATIA,3037
KATLYN,3037
KATRICE,3037
KATTIE,3037
KAYLEEN,3037
KAYLEIGH,3037
KAYLENE,3037
KAZUKO,3037
KEENA,3037
KEESHA,3037
KELLE,3037
KELLEE,3037
KELLYE,3037
KENA,3037
KENISHA,3037
KENNETH,3037
KENYETTA,3037
KEVIN,3037
KIANA,3037
KIERA,3037
KIESHA,3037
KILEY,3037
KIMBER,3037
KIMBERLI,3037
KIMBERLIE,3037
KIMBERY,3037
KIMIKO,3037
KINDRA,3037
KIRBY,3037
KOURTNEY,3037
KRISTEL,3037
KRYSTA,3037
KYM,3037
KYMBERLY,3037
LADY,3037
LAILA,3037
LANE,3037
LANELL,3037
LARAE,3037
LARAINE,3037
LARHONDA,3037
LARISA,3037
LARONDA,3037
LASANDRA,3037
LASHUNDA,3037
LATASHIA,3037
LATESHA,3037
LATIA,3037
LATICIA,3037
LATORIA,3037
LATRINA,3037
LAUNA,3037
LAURE,3037
LAURICE,3037
LAURINE,3037
LAVERA,3037
LAVERNA,3037
LAVONIA,3037
LAWANA,3037
LAWANNA,3037
LAYLA,3037
LE,3037
LEANA,3037
LEEANNA,3037
LEEANNE,3037
LEIGHANN,3037
LENNA,3037
LEONARDA,3037
LEONIE,3037
LEONILA,3037
LEONORE,3037
LERA,3037
LESIA,3037
LETTY,3037
LEXIE,3037
LEZLIE,3037
LIBERTY,3037
LIBRADA,3037
LIEN,3037
LIGIA,3037
LILI,3037
LILLA,3037
LING,3037
LISBETH,3037
LISHA,3037
LIVIA,3037
LOAN,3037
LOIDA,3037
LOMA,3037
LONI,3037
LONNA,3037
LORE,3037
LOREE,3037
LORIANN,3037
LORY,3037
LOUANNE,3037
LOUIE,3037
LOUVENIA,3037
LOVELLA,3037
LOYCE,3037
LUCINA,3037
LUCRECIA,3037
LUDIE,3037
LUIS,3037
LUISE,3037
LUNA,3037
LURLINE,3037
LUVENIA,3037
LYNELL,3037
LYNELLE,3037
LYNSEY,3037
MACIE,3037
MACY,3037
MADALINE,3037
MADALYN,3037
MADIE,3037
MADLYN,3037
MAGALY,3037
MAGAN,3037
MAGARET,3037
MAGDALEN,3037
MAGEN,3037
MAIA,3037
MAIDA,3037
MALIKA,3037
MALISA,3037
MAMMIE,3037
MANA,3037
MANDA,3037
MAPLE,3037
MARCELINE,3037
MAREN,3037
MARGARETA,3037
MARGARETT,3037
MARGARETTA,3037
MARGARITE,3037
MARGART,3037
MARGERET,3037
MARGET,3037
MARGIT,3037
MARGORIE,3037
MARGUERITA,3037
MARGURITE,3037
MARIEL,3037
MARILU,3037
MARIO,3037
MARKITA,3037
MARLANA,3037
MARLEEN,3037
MARLEN,3037
MARNA,3037
MARNI,3037
MARQUETTA,3037
MARTIN,3037
MARYA,3037
MARYALICE,3037
MARYAM,3037
MASAKO,3037
MATHILDE,3037
MATTHEW,3037
MAURICE,3037
MAYBELL,3037
MAYE,3037
MCKENZIE,3037
MEGGAN,3037
MEGHANN,3037
MELAINE,3037
MELANY,3037
MELISSIA,3037
MELLIE,3037
MELYNDA,3037
MERI,3037
MERIDITH,3037
MERILYN,3037
MERLENE,3037
MERNA,3037
MERRI,3037
MICAH,3037
MICHAL,3037
MICHEAL,3037
MICHEL,3037
MICHELINE,3037
MICHIKO,3037
MICKI,3037
MIGUELINA,3037
MIKA,3037
MIKKI,3037
MILA,3037
MILAGRO,3037
MIN,3037
MINH,3037
MINNA,3037
MIREILLE,3037
MIRTHA,3037
MONSERRATE,3037
MOZELLA,3037
MUI,3037
MYRLE,3037
MYRTIE,3037
MYUNG,3037
NAKITA,3037
NANA,3037
NANCIE,3037
NAOMA,3037
NARCISA,3037
NATOSHA,3037
NELIA,3037
NEOMA,3037
NERISSA,3037
NETA,3037
NGA,3037
NGOC,3037
NICKIE,3037
NICKOLE,3037
NICKY,3037
NICOL,3037
NICOLLE,3037
NIEVES,3037
NIKIA,3037
NIKOLE,3037
NOELLA,3037
NOMA,3037
NORAH,3037
NORMAN,3037
NYLA,3037
OBDULIA,3037
ODILIA,3037
OLYMPIA,3037
OMEGA,3037
ONEIDA,3037
OSSIE,3037
OZELLA,3037
PAMELIA,3037
PAMELLA,3037
PANDORA,3037
PARTICIA,3037
PATIENCE,3037
PATRINA,3037
PAULETTA,3037
PEARLE,3037
PEARLENE,3037
PENNEY,3037
PENNI,3037
PERRY,3037
PETRINA,3037
PIA,3037
PIEDAD,3037
PIPER,3037
PORSHA,3037
QIANA,3037
QUEENIE,3037
QUIANA,3037
RACHELE,3037
RACHELL,3037
RAEANN,3037
RAINA,3037
RAMONITA,3037
RANA,3037
RANAE,3037
RANDEE,3037
RASHEEDA,3037
RAYE,3037
RAYLENE,3037
RAYNA,3037
REATHA,3037
REBBECA,3037
REBBECCA,3037
REDA,3037
REFUGIO,3037
REGENA,3037
REGENIA,3037
REIKO,3037
REMEDIOS,3037
RENETTA,3037
RETTA,3037
RIKKI,3037
RISA,3037
ROCHELL,3037
ROMAINE,3037
ROMELIA,3037
RONALD,3037
RONI,3037
RONNI,3037
ROSAMOND,3037
ROSANA,3037
ROSANN,3037
ROSIA,3037
ROZELLA,3037
RUBIE,3037
RUDY,3037
SACHIKO,3037
SALENA,3037
SALOME,3037
SAM,3037
SAMARA,3037
SAMIRA,3037
SANG,3037
SANORA,3037
SANTANA,3037
SANTINA,3037
SARI,3037
SARINA,3037
SAVANNA,3037
SCARLET,3037
SCOTT,3037
SEAN,3037
SEBRINA,3037
SELENE,3037
SERINA,3037
SHA,3037
SHAKIRA,3037
SHANE,3037
SHANEKA,3037
SHANELLE,3037
SHANICE,3037
SHARITA,3037
SHARLEEN,3037
SHARYL,3037
SHAUN,3037
SHAUNNA,3037
SHAVON,3037
SHAVONNE,3037
SHAWANA,3037
SHAWNDA,3037
SHAWNEE,3037
SHAWNNA,3037
SHEA,3037
SHEILAH,3037
SHELA,3037
SHELBA,3037
SHEMIKA,3037
SHENITA,3037
SHERLEY,3037
SHERLY,3037
SHERLYN,3037
SHERRELL,3037
SHERY,3037
SHIRA,3037
SHIRLEEN,3037
SHONA,3037
SHONNA,3037
SHOSHANA,3037
SHU,3037
SIGNE,3037
SILVA,3037
SILVANA,3037
SINDY,3037
SKYE,3037
SLYVIA,3037
SO,3037
SOLANGE,3037
SOMMER,3037
SON,3037
SONG,3037
SOO,3037
SOOK,3037
SORAYA,3037
SPRING,3037
STEFANIA,3037
STEFFANIE,3037
STEPHANE,3037
STEPHEN,3037
STEVEN,3037
STEVIE,3037
SUDIE,3037
SUEANN,3037
SUELLEN,3037
SUK,3037
SUNG,3037
SUZANN,3037
SYNTHIA,3037
SYREETA,3037
TABETHA,3037
TAKISHA,3037
TALISHA,3037
TALITHA,3037
TAM,3037
TAMALA,3037
TAMEIKA,3037
TAMEKIA,3037
TAMESHA,3037
TAMICA,3037
TAMMARA,3037
TANJA,3037
TANNA,3037
TARAH,3037
TASHIA,3037
TAWNY,3037
TEMEKA,3037
TENNIE,3037
TENNILLE,3037
TEQUILA,3037
TEREASA,3037
TERRESA,3037
TESHA,3037
THALIA,3037
THANH,3037
THAO,3037
THEO,3037
THEOLA,3037
THERESIA,3037
THOMASINE,3037
THRESA,3037
THU,3037
TIANNA,3037
TIESHA,3037
TINY,3037
TOMIKA,3037
TOMOKO,3037
TONDA,3037
TONIE,3037
TOSHIKO,3037
TOWANDA,3037
TRANG,3037
TRINITY,3037
TRISTAN,3037
TRUDI,3037
TRUDIE,3037
TRULA,3037
TUYET,3037
TWANA,3037
TYESHA,3037
TYLER,3037
USHA,3037
VAL,3037
VALDA,3037
VALERY,3037
VALLIE,3037
VANDA,3037
VANESA,3037
VANITA,3037
VANNESSA,3037
VELLA,3037
VELVET,3037
VENA,3037
VENICE,3037
VEOLA,3037
VERDELL,3037
VERDIE,3037
VERENA,3037
VERLENE,3037
VERLIE,3037
VERNETTA,3037
VERSIE,3037
VETA,3037
VINCENZA,3037
VINNIE,3037
VIOLETTE,3037
VIVAN,3037
VIVIEN,3037
VIVIENNE,3037
WAI,3037
WALTER,3037
WALTRAUD,3037
WEI,3037
WILLETTE,3037
WILLIA,3037
WONDA,3037
YAN,3037
YANG,3037
YANIRA,3037
YEE,3037
YEN,3037
YI,3037
YING,3037
YOLANDE,3037
YOLANDO,3037
YUKIKO,3037
YUKO,3037
YUN,3037
ZITA,3037
ZOFIA,3037
ZULEMA,3037
ADAH,1518
ADAM,1518
ADENA,1518
ADRIEN,1518
AGNUS,1518
AGRIPINA,1518
AGUEDA,1518
AI,1518
AIDE,1518
AIKO,1518
AILENE,1518
AKILAH,1518
ALAINE,1518
ALANE,1518
ALAYNA,1518
ALBERT,1518
ALEASE,1518
ALEEN,1518
ALEISHA,1518
ALESHIA,1518
ALESSANDRA,1518
ALFREDIA,1518
ALITA,1518
ALLEEN,1518
ALLENA,1518
ALLYN,1518
ALONA,1518
ALVERTA,1518
ALYSA,1518
AMAL,1518
AMBERLY,1518
AMEE,1518
AMIEE,1518
AMIRA,1518
AN,1518
ANALISA,1518
ANAMARIA,1518
ANDERA,1518
ANGELYN,1518
ANGILA,1518
ANGLA,1518
ANISA,1518
ANISHA,1518
ANJA,1518
ANJELICA,1518
ANNAMARIA,1518
ANNELLE,1518
ANNIKA,1518
ANNITA,1518
ANTONETTA,1518
APOLONIA,1518
ARA,1518
ARDATH,1518
ARDELIA,1518
ARDELLE,1518
ARGELIA,1518
ARGENTINA,1518
ARIANNE,1518
ARICA,1518
ARLEAN,1518
ARLETHA,1518
ARLINDA,1518
ARLYNE,1518
ARMANDINA,1518
ARNETTE,1518
ASHANTI,1518
ASHLEA,1518
ASLEY,1518
AUDRIA,1518
AUDRIE,1518
AURORE,1518
AUSTIN,1518
AVERY,1518
AVRIL,1518
AYAKO,1518
AZALEE,1518
AZZIE,1518
BAO,1518
BARABARA,1518
BARI,1518
BARRIE,1518
BASILIA,1518
BEATA,1518
BEATRIS,1518
BEAULAH,1518
BEBE,1518
BECKI,1518
BEE,1518
BELKIS,1518
BELL,1518
BERNA,1518
BERNARDA,1518
BERNARDINA,1518
BERNARDINE,1518
BERRY,1518
BETHANIE,1518
BETTYANN,1518
BEULA,1518
BIBI,1518
BILLI,1518
BLAKE,1518
BLONDELL,1518
BLOSSOM,1518
BOBETTE,1518
BOK,1518
BONG,1518
BRANDE,1518
BREANA,1518
BREANN,1518
BRETT,1518
BRIAN,1518
BRITTA,1518
BRITTANEY,1518
BRITTANIE,1518
BRITTENY,1518
BRITTNY,1518
BRUNA,1518
BRYANNA,1518
BUENA,1518
BULA,1518
BULAH,1518
BUNNY,1518
BURMA,1518
CALANDRA,1518
CALISTA,1518
CAMELLIA,1518
CAMIE,1518
CAMILA,1518
CAMMY,1518
CANDRA,1518
CARITA,1518
CARLEE,1518
CARLENA,1518
CARLI,1518
CARLITA,1518
CARLOS,1518
CARMELIA,1518
CARMINA,1518
CAROLA,1518
CAROLIN,1518
CAROLL,1518
CAROYLN,1518
CARRY,1518
CARYLON,1518
CASIMIRA,1518
CASSAUNDRA,1518
CASSEY,1518
CASSI,1518
CASSONDRA,1518
CASSY,1518
CATHERIN,1518
CATHERINA,1518
CATHERN,1518
CATHERYN,1518
CATRICE,1518
CAYLA,1518
CECILLE,1518
CELESTA,1518
CELINDA,1518
CELSA,1518
CEOLA,1518
CHAE,1518
CHAN,1518
CHANELL,1518
CHANELLE,1518
CHANG,1518
CHANTAY,1518
CHARA,1518
CHARIS,1518
CHARITA,1518
CHARLENA,1518
CHARLESETTA,1518
CHARLOTT,1518
CHARLSIE,1518
CHARLYN,1518
CHARMAIN,1518
CHASIDY,1518
CHASSIDY,1518
CHER,1518
CHERE,1518
CHEREE,1518
CHERELLE,1518
CHERILYN,1518
CHERLYN,1518
CHERY,1518
CHIA,1518
CHIEKO,1518
CHINA,1518
CHING,1518
CHRISTIA,1518
CHRISTINIA,1518
CHU,1518
CINDERELLA,1518
CINDIE,1518
CIRA,1518
CLARENCE,1518
CLARETHA,1518
CLARETTA,1518
CLARINDA,1518
CLARIS,1518
CLARISA,1518
CLASSIE,1518
CLAUDE,1518
CLAUDIE,1518
CLELIA,1518
CLEMENCIA,1518
CLEOTILDE,1518
CLORA,1518
CLORINDA,1518
CODI,1518
COLBY,1518
COLENE,1518
COLLENE,1518
CONCEPTION,1518
CONCHA,1518
CONTESSA,1518
CORALEE,1518
CORALIE,1518
CORDIA,1518
CORRIN,1518
CORRINNE,1518
CREOLA,1518
CRIS,1518
CRYSTA,1518
CRYSTLE,1518
CUC,1518
CURTIS,1518
CYNDY,1518
CYRSTAL,1518
DACIA,1518
DAGNY,1518
DAINA,1518
DAINE,1518
DAKOTA,1518
DALENE,1518
DAN,1518
DANIELL,1518
DANILLE,1518
DANN,1518
DANNIE,1518
DANYEL,1518
DANYELL,1518
DARCEL,1518
DARCEY,1518
DARLENA,1518
DAYSI,1518
DEADRA,1518
DEANDREA,1518
DEBERA,1518
DEDE,1518
DEEANNA,1518
DEEDEE,1518
DEEDRA,1518
DEETTA,1518
DEJA,1518
DELAINE,1518
DELCIE,1518
DELILA,1518
DELMY,1518
DELOISE,1518
DELORAS,1518
DELORSE,1518
DELSIE,1518
DEMETRIUS,1518
DENAE,1518
DENISSE,1518
DENNY,1518
DENYSE,1518
DEON,1518
DEONNA,1518
DESPINA,1518
DIA,1518
DIERDRE,1518
DINORAH,1518
DION,1518
DIVINA,1518
DODIE,1518
DOMINICA,1518
DOMITILA,1518
DONELLA,1518
DONETTE,1518
DONG,1518
DONNETTA,1518
DONNETTE,1518
DOREATHA,1518
DORETHEA,1518
DORETTA,1518
DORIA,1518
DORLA,1518
DORTHEY,1518
DOTTY,1518
DREW,1518
DULCIE,1518
DUSTI,1518
DWANA,1518
EARLIE,1518
EBONIE,1518
EDRA,1518
EDRIS,1518
EDYTH,1518
EHTEL,1518
EILENE,1518
ELA,1518
ELADIA,1518
ELANE,1518
ELENE,1518
ELENORE,1518
ELEONOR,1518
ELEONORA,1518
ELEONORE,1518
ELFREDA,1518
ELFRIEDA,1518
ELIDIA,1518
ELIN,1518
ELINA,1518
ELINORE,1518
ELIZ,1518
ELIZABET,1518
ELLAMAE,1518
ELLAN,1518
ELLENA,1518
ELLI,1518
ELLIS,1518
ELMER,1518
ELSY,1518
ELWANDA,1518
ELZA,1518
EMELINA,1518
EMELINE,1518
EMELY,1518
EMERALD,1518
EMERITA,1518
EMMALINE,1518
ENDA,1518
ERYN,1518
ESTEFANA,1518
ETHA,1518
ETSUKO,1518
ETTIE,1518
EUFEMIA,1518
EUGENA,1518
EULAH,1518
EUNA,1518
EURA,1518
EUSEBIA,1518
EUSTOLIA,1518
EVELYNN,1518
EVIA,1518
EVITA,1518
EWA,1518
FAIRY,1518
FATIMAH,1518
FAVIOLA,1518
FELICIDAD,1518
FERMINA,1518
FERNANDE,1518
FIDELA,1518
FIDELIA,1518
FLETA,1518
FLORIA,1518
FLORRIE,1518
FRANCENE,1518
FRANCHESCA,1518
FRANSISCA,1518
FRED,1518
FREDDA,1518
FREDRICKA,1518
FRIDA,1518
GALA,1518
GALINA,1518
GAYNELLE,1518
GEMA,1518
GENESIS,1518
GENEVIE,1518
GENEVIVE,1518
GENNA,1518
GENNY,1518
GEORGANN,1518
GEORGEANN,1518
GEORGEANNA,1518
GEORGIANN,1518
GEORGIANNE,1518
GERALD,1518
GERTRUDIS,1518
GERTUDE,1518
GHISLAINE,1518
GIANNA,1518
GIDGET,1518
GILBERTE,1518
GILMA,1518
GINETTE,1518
GITA,1518
GIUSEPPINA,1518
GLAYDS,1518
GLENN,1518
GLYNIS,1518
GOLDEN,1518
GRAYCE,1518
GRAZYNA,1518
GREGORY,1518
GRICELDA,1518
GRISEL,1518
GWYNETH,1518
HALLEY,1518
HAN,1518
HANG,1518
HAROLD,1518
HASSIE,1518
HEIDY,1518
HEIKE,1518
HELAINE,1518
HERMA,1518
HERMILA,1518
HERTA,1518
HERTHA,1518
HIEDI,1518
HIEN,1518
HISAKO,1518
HSIU,1518
HUE,1518
HWA,1518
HYO,1518
ILEEN,1518
ILLA,1518
IRAIDA,1518
ISADORA,1518
ISOBEL,1518
IVELISSE,1518
IVEY,1518
IZETTA,1518
IZOLA,1518
JA,1518
JACELYN,1518
JACINDA,1518
JACK,1518
JACKELYN,1518
JACKQUELINE,1518
JACQUETTA,1518
JACQUI,1518
JACQUIE,1518
JAIMEE,1518
JALISA,1518
JAMA,1518
JAME,1518
JAMEE,1518
JAMIKA,1518
JANEAN,1518
JANEE,1518
JANELLA,1518
JANI,1518
JANIECE,1518
JANISE,1518
JANNET,1518
JANUARY,1518
JANYCE,1518
JAQUELYN,1518
JAYE,1518
JAYMIE,1518
JAYNA,1518
JEANELLE,1518
JEANETT,1518
JEANICE,1518
JEANMARIE,1518
JEANNETTA,1518
JEFFIE,1518
JEFFREY,1518
JENAE,1518
JENE,1518
JENEE,1518
JENEVA,1518
JENNELL,1518
JENNINE,1518
JEREMY,1518
JERICA,1518
JERLENE,1518
JERRICA,1518
JESSIA,1518
JESSIKA,1518
JESTINE,1518
JESUSITA,1518
JETTA,1518
JI,1518
JINNY,1518
JOANE,1518
JOANNIE,1518
JOAQUINA,1518
JOETTE,1518
JOHANNE,1518
JOHNA,1518
JOHNETTE,1518
JOHNSIE,1518
JOIE,1518
JOLINE,1518
JOLYN,1518
JON,1518
JONE,1518
JONG,1518
JONIE,1518
JOSEFINE,1518
JOSHUA,1518
JOSPHINE,1518
JOVAN,1518
JOYA,1518
JUDE,1518
JULE,1518
JULENE,1518
JULIEANN,1518
JULIETTA,1518
JULIO,1518
JUNIE,1518
JUNKO,1518
JUSTA,1518
KA,1518
KAI,1518
KAILA,1518
KALEIGH,1518
KALLIE,1518
KALYN,1518
KAMALA,1518
KAMILAH,1518
KANDIS,1518
KANDRA,1518
KANESHA,1518
KANISHA,1518
KAREEN,1518
KARENA,1518
KARIMA,1518
KARISA,1518
KARLY,1518
KARLYN,1518
KAROLE,1518
KAROLINE,1518
KARRY,1518
KARY,1518
KASHA,1518
KASI,1518
KATELIN,1518
KATELYNN,1518
KATERINE,1518
KATHARYN,1518
KATHELEEN,1518
KATHERINA,1518
KATHLINE,1518
KATHRIN,1518
KAYCE,1518
KAYCEE,1518
KEELEY,1518
KEILA,1518
KEIRA,1518
KEITH,1518
KEITHA,1518
KELSI,1518
KEMBERLY,1518
KENDA,1518
KENDAL,1518
KENIA,1518
KERA,1518
KEREN,1518
KERSTIN,1518
KETURAH,1518
KEVA,1518
KHADIJAH,1518
KHALILAH,1518
KIERSTEN,1518
KIMBRA,1518
KIMI,1518
KINA,1518
KIRSTIE,1518
KIT,1518
KITTIE,1518
KIYOKO,1518
KIZZIE,1518
KLARA,1518
KORTNEY,1518
KRISHNA,1518
KRISSY,1518
KRISTEEN,1518
KRISTLE,1518
KRYSTEN,1518
KRYSTIN,1518
KRYSTINA,1518
KYOKO,1518
LACHELLE,1518
LACRESHA,1518
LADAWN,1518
LAEL,1518
LAHOMA,1518
LAINE,1518
LAJUANA,1518
LAKEESHA,1518
LAKENDRA,1518
LAKENYA,1518
LAKIA,1518
LAKIESHA,1518
LAKITA,1518
LALA,1518
LAMONICA,1518
LANELLE,1518
LANG,1518
LANIE,1518
LANNIE,1518
LANORA,1518
LAQUANDA,1518
LAREE,1518
LARITA,1518
LARRAINE,1518
LARRY,1518
LASHANDRA,1518
LASHAUN,1518
LASHAUNDA,1518
LASHAWNA,1518
LASHAWNDA,1518
LASHAY,1518
LASHELL,1518
LASHON,1518
LASONYA,1518
LATARSHA,1518
LATINA,1518
LATOYIA,1518
LATRISHA,1518
LAURALEE,1518
LAURAN,1518
LAURENA,1518
LAURENCE,1518
LAURINDA,1518
LAURYN,1518
LAVELLE,1518
LAVENIA,1518
LAVETA,1518
LAVETTE,1518
LAVONA,1518
LAVONE,1518
LAVONNA,1518
LAWRENCE,1518
LAYNE,1518
LEAN,1518
LEANORA,1518
LECIA,1518
LEENA,1518
LEIA,1518
LEIDA,1518
LEIGHA,1518
LEISHA,1518
LEKISHA,1518
LELAH,1518
LENITA,1518
LEO,1518
LEOMA,1518
LEON,1518
LEONIA,1518
LEONIDA,1518
LEONTINE,1518
LESHA,1518
LESTER,1518
LETISHA,1518
LEWIS,1518
LIANNE,1518
LIBBIE,1518
LIESELOTTE,1518
LILLI,1518
LILLIA,1518
LILLIAM,1518
LILLIANA,1518
LINDSY,1518
LINN,1518
LISABETH,1518
LISANDRA,1518
LIZETH,1518
LIZZETTE,1518
LOGAN,1518
LOISE,1518
LONDA,1518
LORALEE,1518
LOREAN,1518
LORETA,1518
LORETTE,1518
LORIA,1518
LORILEE,1518
LORINA,1518
LORIS,1518
LORITA,1518
LORRIANE,1518
LORRINE,1518
LOUETTA,1518
LOURA,1518
LOURIE,1518
LOVE,1518
LOVETTA,1518
LUANNA,1518
LUBA,1518
LUCI,1518
LUCILLA,1518
LUDIVINA,1518
LUETTA,1518
LURLENE,1518
LYNDIA,1518
LYNETTA,1518
LYNNA,1518
MABELLE,1518
MADALENE,1518
MADDIE,1518
MADELAINE,1518
MADELENE,1518
MAFALDA,1518
MAGALI,1518
MAHALIA,1518
MAILE,1518
MAIRE,1518
MAISHA,1518
MAISIE,1518
MAKEDA,1518
MALENA,1518
MALKA,1518
MALLIE,1518
MALORIE,1518
MALVINA,1518
MAN,1518
MANDIE,1518
MANIE,1518
MANY,1518
MAO,1518
MARAGARET,1518
MARAGRET,1518
MARCELENE,1518
MARCELL,1518
MARCENE,1518
MARCHELLE,1518
MARDELL,1518
MARG,1518
MARGENE,1518
MARGERT,1518
MARGHERITA,1518
MARGRETT,1518
MARGY,1518
MARHTA,1518
MARIANELA,1518
MARICA,1518
MARICRUZ,1518
MARIELLA,1518
MARIELLE,1518
MARIETTE,1518
MARIKO,1518
MARIN,1518
MARINDA,1518
MARINE,1518
MARIS,1518
MARISHA,1518
MARIVEL,1518
MARKETTA,1518
MARLIN,1518
MARLINE,1518
MARQUITTA,1518
MARSHALL,1518
MARTH,1518
MARVELLA,1518
MARVIS,1518
MARX,1518
MARYANNA,1518
MARYBELLE,1518
MARYETTA,1518
MARYLAND,1518
MARYLN,1518
MARYLOUISE,1518
MARYLYNN,1518
MARYROSE,1518
MATHA,1518
MAURITA,1518
MAXIMA,1518
MAXIMINA,1518
MAYOLA,1518
MEDA,1518
MELANI,1518
MELANIA,1518
MELDA,1518
MELIA,1518
MELIDA,1518
MELITA,1518
MELODEE,1518
MELODI,1518
MELVIN,1518
MENDY,1518
MERCEDEZ,1518
MERIDETH,1518
MERISSA,1518
MERLYN,1518
MERRIE,1518
MERRILEE,1518
MERRILL,1518
MERTIE,1518
MICA,1518
MICHA,1518
MICHAELE,1518
MICHELINA,1518
MIESHA,1518
MIGNON,1518
MIKAELA,1518
MIKE,1518
MIKI,1518
MILDA,1518
MILLY,1518
MINDA,1518
MING,1518
MINTA,1518
MIRELLA,1518
MISHA,1518
MISS,1518
MISTIE,1518
MITCHELL,1518
MITSUE,1518
MITSUKO,1518
MITZIE,1518
MIYOKO,1518
MONET,1518
MONNIE,1518
MOON,1518
MORA,1518
MORIAH,1518
MUOI,1518
MYESHA,1518
MYRL,1518
MYRTA,1518
NA,1518
NADENE,1518
NAIDA,1518
NAKESHA,1518
NAM,1518
NANCEE,1518
NANCEY,1518
NATACHA,1518
NATALYA,1518
NATASHIA,1518
NATISHA,1518
NECOLE,1518
NEDA,1518
NEELY,1518
NEIDA,1518
NENITA,1518
NEOMI,1518
NERY,1518
NEVADA,1518
NGAN,1518
NGUYET,1518
NICHOLLE,1518
NIDA,1518
NIESHA,1518
NISHA,1518
NOBUKO,1518
NOHEMI,1518
NORIKO,1518
NU,1518
NUBIA,1518
ODA,1518
ODELIA,1518
OLENE,1518
OLEVIA,1518
OLIMPIA,1518
OLINDA,1518
ONIE,1518
ONITA,1518
ORALEE,1518
ORETHA,1518
OSCAR,1518
OTELIA,1518
OTHA,1518
OZELL,1518
OZIE,1518
PA,1518
PALMIRA,1518
PAMILA,1518
PAMULA,1518
PARTHENIA,1518
PASTY,1518
PATRIA,1518
PAULENE,1518
PAULITA,1518
PAZ,1518
PEARLY,1518
PEG,1518
PEI,1518
PETER,1518
PETRONILA,1518
PHEBE,1518
PHUNG,1518
PHYLICIA,1518
PING,1518
POK,1518
PORSCHE,1518
PRISCILA,1518
PROVIDENCIA,1518
PURA,1518
QUINN,1518
QUYEN,1518
RACHAL,1518
RAELENE,1518
RAGUEL,1518
RAISA,1518
RANEE,1518
RAYMOND,1518
RAYMONDE,1518
REA,1518
REAGAN,1518
REANNA,1518
REBECKA,1518
REENA,1518
REFUGIA,1518
REGINE,1518
REGINIA,1518
REITA,1518
REMA,1518
REMONA,1518
RENAY,1518
RENDA,1518
RENNA,1518
RESSIE,1518
REYNALDA,1518
RHEBA,1518
RHONA,1518
RIA,1518
RICARDA,1518
RICKI,1518
RICKIE,1518
RIMA,1518
RIVA,1518
RIVKA,1518
ROBBI,1518
ROBBYN,1518
ROBENA,1518
ROBERTO,1518
ROCHEL,1518
ROLANDE,1518
RORY,1518
ROSAMARIA,1518
ROSELEE,1518
ROSELIA,1518
ROSELINE,1518
ROSELLE,1518
ROSENA,1518
ROSENDA,1518
ROSETTE,1518
ROSIO,1518
ROSSANA,1518
ROSSIE,1518
ROSY,1518
ROXY,1518
ROY,1518
ROYCE,1518
ROZANNE,1518
RUBI,1518
RUSSELL,1518
RUTHA,1518
RUTHANNE,1518
RUTHE,1518
RYANN,1518
SACHA,1518
SADYE,1518
SAGE,1518
SALLEY,1518
SAMELLA,1518
SAMMY,1518
SAMUEL,1518
SANA,1518
SANDA,1518
SANDEE,1518
SANDIE,1518
SARAI,1518
SARAN,1518
SATURNINA,1518
SAU,1518
SCOTTIE,1518
SEASON,1518
SEE,1518
SEEMA,1518
SENA,1518
SENAIDA,1518
SEPTEMBER,1518
SERAFINA,1518
SERITA,1518
SETSUKO,1518
SHAE,1518
SHAKIA,1518
SHAKITA,1518
SHALA,1518
SHALANDA,1518
SHALON,1518
SHAN,1518
SHANAE,1518
SHANDI,1518
SHANEL,1518
SHANIQUA,1518
SHANTAE,1518
SHANTAY,1518
SHANTELLE,1518
SHANTI,1518
SHAQUANA,1518
SHAQUITA,1518
SHARAN,1518
SHARDA,1518
SHARELL,1518
SHARICE,1518
SHARIE,1518
SHARIKA,1518
SHARILYN,1518
SHARMAINE,1518
SHAROLYN,1518
SHARRI,1518
SHAUNDA,1518
SHAUNTA,1518
SHAUNTE,1518
SHAVONDA,1518
SHAWANNA,1518
SHAWNTA,1518
SHAYNE,1518
SHEBA,1518
SHELLA,1518
SHEMEKA,1518
SHENIKA,1518
SHENNA,1518
SHERA,1518
SHERELL,1518
SHERICE,1518
SHERIDAN,1518
SHERIKA,1518
SHERILL,1518
SHERISE,1518
SHERLENE,1518
SHERRIL,1518
SHERYLL,1518
SHILA,1518
SHILOH,1518
SHIN,1518
SHIRELY,1518
SHIRL,1518
SHIZUE,1518
SHIZUKO,1518
SHONDRA,1518
SHONTA,1518
SHYLA,1518
SIMA,1518
SIMONNE,1518
SINA,1518
SIRENA,1518
SIU,1518
SIXTA,1518
SOILA,1518
SOL,1518
SOMER,1518
SONA,1518
SPARKLE,1518
STACEE,1518
STASIA,1518
STEFANY,1518
STEPANIE,1518
STEPHANIA,1518
STEPHNIE,1518
SUANNE,1518
SULEMA,1518
SUMIKO,1518
SUNDAY,1518
SUNNI,1518
SUSY,1518
SUZI,1518
SVETLANA,1518
SYLVIE,1518
TA,1518
TAI,1518
TAINA,1518
TAISHA,1518
TAJUANA,1518
TAKAKO,1518
TAMA,1518
TAMBRA,1518
TAMISHA,1518
TAMMERA,1518
TANDRA,1518
TANDY,1518
TANEKA,1518
TAREN,1518
TARI,1518
TARRA,1518
TASHINA,1518
TASIA,1518
TATUM,1518
TATYANA,1518
TAUNYA,1518
TAWNA,1518
TAYNA,1518
TEGAN,1518
TEISHA,1518
TELMA,1518
TEMIKA,1518
TEMPIE,1518
TEMPLE,1518
TENESHA,1518
TEOFILA,1518
TERESIA,1518
TERICA,1518
TERINA,1518
TERISA,1518
TERRELL,1518
TERRILYN,1518
THERESSA,1518
THI,1518
THOMASENA,1518
THORA,1518
TIEN,1518
TIERA,1518
TIFANY,1518
TIFFANEY,1518
TIJUANA,1518
TILDA,1518
TIMIKA,1518
TIMOTHY,1518
TINISHA,1518
TISA,1518
TISH,1518
TOBI,1518
TOBIE,1518
TOCCARA,1518
TOI,1518
TOMI,1518
TOMIKO,1518
TOMMYE,1518
TONA,1518
TONETTE,1518
TONISHA,1518
TONITA,1518
TORA,1518
TORIE,1518
TORRI,1518
TORRIE,1518
TORY,1518
TOSHIA,1518
TOVA,1518
TRAN,1518
TRAVIS,1518
TREASA,1518
TREENA,1518
TRINH,1518
TROY,1518
TU,1518
TULA,1518
TWANDA,1518
TWANNA,1518
TYISHA,1518
TYNISHA,1518
ULA,1518
ULRIKE,1518
UN,1518
UTE,1518
VALENE,1518
VALENTINE,1518
VALERI,1518
VALRIE,1518
VANETTA,1518
VANIA,1518
VANNA,1518
VANNESA,1518
VASHTI,1518
VASILIKI,1518
VENETTA,1518
VENNIE,1518
VERLINE,1518
VERNIA,1518
VERNON,1518
VERONIKA,1518
VERONIQUE,1518
VERTIE,1518
VI,1518
VICTOR,1518
VICTORINA,1518
VIKI,1518
VINITA,1518
VIRGEN,1518
VIRGIL,1518
VONCILE,1518
WAN,1518
WANETA,1518
WANETTA,1518
WAVA,1518
WEN,1518
WENDIE,1518
WENDOLYN,1518
WENONA,1518
WESLEY,1518
WHITLEY,1518
WILHEMINA,1518
WILLENA,1518
WILLETTA,1518
WILLIEMAE,1518
WILLODEAN,1518
WILLOW,1518
WINTER,1518
WYNELL,1518
XENIA,1518
XIAO,1518
XOCHITL,1518
XUAN,1518
YAEKO,1518
YAEL,1518
YAHAIRA,1518
YAJAIRA,1518
YASMINE,1518
YASUKO,1518
YELENA,1518
YER,1518
YESSENIA,1518
YEVETTE,1518
YON,1518
YOSHIE,1518
YOULANDA,1518
YUETTE,1518
YUK,1518
YUKI,1518
YULANDA,1518
YUNG,1518
YUONNE,1518
YURI,1518
YURIKO,1518
YVONE,1518
ZADA,1518
ZANA,1518
ZENIA,1518
ZETTA,1518
ZONIA,1518
